#node1	node2	node1_string_id	node2_string_id	neighborhood_on_chromosome	gene_fusion	phylogenetic_cooccurrence	homology	coexpression	experimentally_determined_interaction	database_annotated	automated_textmining	combined_score
ABA1	APX1	3702.AT5G67030.1	3702.AT1G07890.8	0	0	0	0	0.054	0	0	0.430	0.437
ABA1	GolS3	3702.AT5G67030.1	3702.AT1G09350.1	0	0	0	0	0	0	0	0.518	0.518
ABA1	COR47	3702.AT5G67030.1	3702.AT1G20440.1	0	0	0	0	0	0	0	0.590	0.590
ABA1	MYC2	3702.AT5G67030.1	3702.AT1G32640.1	0	0	0	0	0	0	0	0.404	0.404
ABA1	ABF2	3702.AT5G67030.1	3702.AT1G45249.3	0	0	0	0	0.105	0	0	0.565	0.594
ABA1	bZIP	3702.AT5G67030.1	3702.AT1G68880.1	0	0	0	0	0	0	0	0.616	0.616
ABA1	ADH1	3702.AT5G67030.1	3702.AT1G77120.1	0	0	0	0	0.083	0	0	0.381	0.408
ABA1	ABI5	3702.AT5G67030.1	3702.AT2G36270.1	0	0	0	0	0	0	0	0.759	0.759
ABA1	P5CS1	3702.AT5G67030.1	3702.AT2G39800.1	0	0	0	0	0.181	0	0.133	0.591	0.684
ABA1	COR15A	3702.AT5G67030.1	3702.AT2G42540.2	0	0	0	0	0.086	0	0	0.580	0.599
ABA1	NCED3	3702.AT5G67030.1	3702.AT3G14440.1	0	0	0	0	0	0	0	0.954	0.954
ABA1	ABF4	3702.AT5G67030.1	3702.AT3G19290.3	0	0	0	0	0.047	0	0	0.462	0.465
ABA1	ABI3	3702.AT5G67030.1	3702.AT3G24650.1	0	0	0	0	0	0	0	0.756	0.756
ABA1	KIN11	3702.AT5G67030.1	3702.AT3G29160.1	0	0	0	0	0	0	0	0.426	0.426
ABA1	ACT12	3702.AT5G67030.1	3702.AT3G46520.1	0	0	0	0	0	0	0	0.549	0.549
ABA1	SNRK2.2	3702.AT5G67030.1	3702.AT3G50500.2	0	0	0	0	0	0	0	0.482	0.482
ABA1	DREB1A	3702.AT5G67030.1	3702.AT4G25480.1	0	0	0	0	0	0	0	0.481	0.481
ABA1	ABI1	3702.AT5G67030.1	3702.AT4G26080.1	0	0	0	0	0	0	0	0.878	0.878
ABA1	OST1	3702.AT5G67030.1	3702.AT4G33950.1	0	0	0	0	0	0	0	0.581	0.581
ABA1	ABF3	3702.AT5G67030.1	3702.AT4G34000.1	0	0	0	0	0.144	0	0	0.387	0.453
ABA1	CAT	3702.AT5G67030.1	3702.AT4G35090.1	0	0	0	0	0.427	0	0	0.447	0.670
ABA1	AP2	3702.AT5G67030.1	3702.AT4G36920.2	0	0	0	0	0	0	0	0.598	0.598
ABA1	RD22	3702.AT5G67030.1	3702.AT5G25610.1	0	0	0	0	0.115	0	0	0.591	0.622
ABA1	NHX1	3702.AT5G67030.1	3702.AT5G27150.1	0	0	0	0	0	0	0	0.409	0.409
ABA1	LTI65	3702.AT5G67030.1	3702.AT5G52300.1	0	0	0	0	0	0	0	0.616	0.616
ABA1	LTI78	3702.AT5G67030.1	3702.AT5G52310.1	0	0	0	0	0.079	0	0	0.637	0.651
ABA1	ABI2	3702.AT5G67030.1	3702.AT5G57050.1	0	0	0	0	0.133	0	0	0.756	0.779
ABF1	ABF2	3702.AT1G49720.2	3702.AT1G45249.3	0	0	0	0.853	0	0.500	0	0.909	0.566
ABF1	CBF2	3702.AT1G49720.2	3702.AT4G25470.1	0	0	0	0	0	0	0	0.441	0.441
ABF1	COR15A	3702.AT1G49720.2	3702.AT2G42540.2	0	0	0	0	0	0	0	0.443	0.443
ABF1	NCED3	3702.AT1G49720.2	3702.AT3G14440.1	0	0	0	0	0	0	0	0.465	0.465
ABF1	CBF1	3702.AT1G49720.2	3702.AT4G25490.1	0	0	0	0	0.060	0	0	0.464	0.474
ABF1	DREB1A	3702.AT1G49720.2	3702.AT4G25480.1	0	0	0	0	0.165	0	0	0.429	0.502
ABF1	ABF4	3702.AT1G49720.2	3702.AT3G19290.3	0	0	0	0.958	0	0.500	0	0.960	0.520
ABF1	ABF3	3702.AT1G49720.2	3702.AT4G34000.1	0	0	0	0.875	0	0.490	0	0.936	0.549
ABF1	KIN11	3702.AT1G49720.2	3702.AT3G29160.1	0	0	0	0	0	0	0	0.574	0.574
ABF1	LTI65	3702.AT1G49720.2	3702.AT5G52300.1	0	0	0	0	0	0	0	0.617	0.617
ABF1	LTI78	3702.AT1G49720.2	3702.AT5G52310.1	0	0	0	0	0.110	0	0	0.599	0.627
ABF1	ABI2	3702.AT1G49720.2	3702.AT5G57050.1	0	0	0	0	0.079	0	0	0.633	0.647
ABF1	ABI3	3702.AT1G49720.2	3702.AT3G24650.1	0	0	0	0	0	0	0	0.671	0.671
ABF1	ABI1	3702.AT1G49720.2	3702.AT4G26080.1	0	0	0	0	0.122	0	0	0.648	0.678
ABF1	ABI5	3702.AT1G49720.2	3702.AT2G36270.1	0	0	0	0.770	0	0.607	0	0.881	0.686
ABF1	bZIP	3702.AT1G49720.2	3702.AT1G68880.1	0	0	0	0	0	0	0	0.810	0.810
ABF1	OST1	3702.AT1G49720.2	3702.AT4G33950.1	0	0	0	0	0	0	0.600	0.708	0.878
ABF1	SNRK2.2	3702.AT1G49720.2	3702.AT3G50500.2	0	0	0	0	0.201	0.490	0.600	0.687	0.942
ABF2	COR47	3702.AT1G45249.3	3702.AT1G20440.1	0	0	0	0	0	0	0	0.591	0.591
ABF2	MYC2	3702.AT1G45249.3	3702.AT1G32640.1	0	0	0	0	0	0	0	0.589	0.589
ABF2	CBF1	3702.AT1G45249.3	3702.AT4G25490.1	0	0	0	0	0	0	0	0.441	0.441
ABF2	CBF2	3702.AT1G45249.3	3702.AT4G25470.1	0	0	0	0	0	0	0	0.460	0.459
ABF2	ABF4	3702.AT1G45249.3	3702.AT3G19290.3	0	0	0	0.876	0	0.499	0	0.969	0.559
ABF2	AP2	3702.AT1G45249.3	3702.AT4G36920.2	0	0	0	0	0	0	0	0.581	0.581
ABF2	RD20	3702.AT1G45249.3	3702.AT2G33380.1	0	0	0	0	0	0	0	0.582	0.582
ABF2	COR15A	3702.AT1G45249.3	3702.AT2G42540.2	0	0	0	0	0	0	0	0.586	0.586
ABF2	ADH1	3702.AT1G45249.3	3702.AT1G77120.1	0	0	0	0	0	0	0	0.606	0.606
ABF2	MYB2	3702.AT1G45249.3	3702.AT2G47190.1	0	0	0	0	0	0	0	0.617	0.617
ABF2	RD22	3702.AT1G45249.3	3702.AT5G25610.1	0	0	0	0	0	0	0	0.633	0.633
ABF2	ABI3	3702.AT1G45249.3	3702.AT3G24650.1	0	0	0	0	0	0	0	0.640	0.640
ABF2	RD26	3702.AT1G45249.3	3702.AT4G27410.3	0	0	0	0	0	0	0	0.645	0.645
ABF2	NCED3	3702.AT1G45249.3	3702.AT3G14440.1	0	0	0	0	0	0	0	0.652	0.652
ABF2	KIN11	3702.AT1G45249.3	3702.AT3G29160.1	0	0	0	0	0	0	0	0.659	0.659
ABF2	ABI2	3702.AT1G45249.3	3702.AT5G57050.1	0	0	0	0	0.101	0	0	0.749	0.765
ABF2	ABF3	3702.AT1G45249.3	3702.AT4G34000.1	0	0	0	0.866	0.119	0.759	0	0.956	0.806
ABF2	DREB1A	3702.AT1G45249.3	3702.AT4G25480.1	0	0	0	0	0	0.501	0	0.637	0.811
ABF2	LTI78	3702.AT1G45249.3	3702.AT5G52310.1	0	0	0	0	0	0	0	0.830	0.830
ABF2	LTI65	3702.AT1G45249.3	3702.AT5G52300.1	0	0	0	0	0	0	0	0.853	0.853
ABF2	bZIP	3702.AT1G45249.3	3702.AT1G68880.1	0	0	0	0	0	0	0	0.853	0.853
ABF2	ABI1	3702.AT1G45249.3	3702.AT4G26080.1	0	0	0	0	0.105	0.500	0	0.853	0.928
ABF2	SNRK2.2	3702.AT1G45249.3	3702.AT3G50500.2	0	0	0	0	0	0.499	0.600	0.930	0.984
ABF2	OST1	3702.AT1G45249.3	3702.AT4G33950.1	0	0	0	0	0	0.937	0.600	0.861	0.996
ABF3	MYC2	3702.AT4G34000.1	3702.AT1G32640.1	0	0	0	0	0	0	0	0.441	0.441
ABF3	bZIP	3702.AT4G34000.1	3702.AT1G68880.1	0	0	0	0	0	0	0	0.879	0.879
ABF3	RD20	3702.AT4G34000.1	3702.AT2G33380.1	0	0	0	0	0.181	0	0	0.569	0.631
ABF3	ABI5	3702.AT4G34000.1	3702.AT2G36270.1	0	0	0	0.738	0	0.748	0	0.917	0.808
ABF3	P5CS1	3702.AT4G34000.1	3702.AT2G39800.1	0	0	0	0	0.170	0	0	0.631	0.681
ABF3	COR15A	3702.AT4G34000.1	3702.AT2G42540.2	0	0	0	0	0.166	0	0	0.564	0.620
ABF3	MYB2	3702.AT4G34000.1	3702.AT2G47190.1	0	0	0	0	0	0	0	0.581	0.581
ABF3	NCED3	3702.AT4G34000.1	3702.AT3G14440.1	0	0	0	0	0.151	0	0	0.652	0.692
ABF3	ABF4	3702.AT4G34000.1	3702.AT3G19290.3	0	0	0	0.906	0.112	0.759	0	0.965	0.797
ABF3	ABI3	3702.AT4G34000.1	3702.AT3G24650.1	0	0	0	0	0	0	0	0.816	0.817
ABF3	KIN11	3702.AT4G34000.1	3702.AT3G29160.1	0	0	0	0	0	0.500	0	0.645	0.814
ABF3	SNRK2.2	3702.AT4G34000.1	3702.AT3G50500.2	0	0	0	0	0	0.748	0.600	0.731	0.970
ABF3	DREB1A	3702.AT4G34000.1	3702.AT4G25480.1	0	0	0	0	0.146	0	0	0.680	0.715
ABF3	ABI1	3702.AT4G34000.1	3702.AT4G26080.1	0	0	0	0	0.200	0.500	0	0.808	0.916
ABF3	RD26	3702.AT4G34000.1	3702.AT4G27410.3	0	0	0	0	0.118	0	0	0.687	0.712
ABF3	OST1	3702.AT4G34000.1	3702.AT4G33950.1	0	0	0	0	0	0.543	0.600	0.683	0.936
ABF3	NHX1	3702.AT4G34000.1	3702.AT5G27150.1	0	0	0	0	0	0	0	0.427	0.426
ABF3	AP2	3702.AT4G34000.1	3702.AT4G36920.2	0	0	0	0	0	0	0	0.581	0.581
ABF3	RD22	3702.AT4G34000.1	3702.AT5G25610.1	0	0	0	0	0.105	0	0	0.655	0.678
ABF3	ABI2	3702.AT4G34000.1	3702.AT5G57050.1	0	0	0	0	0.321	0	0	0.652	0.753
ABF3	LTI78	3702.AT4G34000.1	3702.AT5G52310.1	0	0	0	0	0.124	0	0	0.807	0.823
ABF3	LTI65	3702.AT4G34000.1	3702.AT5G52300.1	0	0	0	0	0.100	0	0	0.850	0.859
ABF4	COR47	3702.AT3G19290.3	3702.AT1G20440.1	0	0	0	0	0	0	0	0.549	0.549
ABF4	bZIP	3702.AT3G19290.3	3702.AT1G68880.1	0	0	0	0	0	0	0	0.876	0.876
ABF4	WRKY40	3702.AT3G19290.3	3702.AT1G80840.1	0	0	0	0	0	0	0	0.463	0.463
ABF4	RD20	3702.AT3G19290.3	3702.AT2G33380.1	0	0	0	0	0	0	0	0.519	0.519
ABF4	P5CS1	3702.AT3G19290.3	3702.AT2G39800.1	0	0	0	0	0	0	0	0.596	0.596
ABF4	COR15A	3702.AT3G19290.3	3702.AT2G42540.2	0	0	0	0	0	0	0	0.615	0.615
ABF4	MYB2	3702.AT3G19290.3	3702.AT2G47190.1	0	0	0	0	0	0	0	0.634	0.634
ABF4	NCED3	3702.AT3G19290.3	3702.AT3G14440.1	0	0	0	0	0	0	0	0.651	0.651
ABF4	CBF2	3702.AT3G19290.3	3702.AT4G25470.1	0	0	0	0	0	0	0	0.441	0.441
ABF4	SOS2	3702.AT3G19290.3	3702.AT5G35410.1	0	0	0	0	0	0	0	0.441	0.441
ABF4	AP2	3702.AT3G19290.3	3702.AT4G36920.2	0	0	0	0	0	0	0	0.581	0.581
ABF4	RD22	3702.AT3G19290.3	3702.AT5G25610.1	0	0	0	0	0	0	0	0.638	0.638
ABF4	KIN11	3702.AT3G19290.3	3702.AT3G29160.1	0	0	0	0	0	0	0	0.645	0.645
ABF4	ABI3	3702.AT3G19290.3	3702.AT3G24650.1	0	0	0	0	0	0	0	0.652	0.652
ABF4	RD26	3702.AT3G19290.3	3702.AT4G27410.3	0	0	0	0	0.108	0	0	0.646	0.670
ABF4	ABI1	3702.AT3G19290.3	3702.AT4G26080.1	0	0	0	0	0.065	0	0	0.765	0.771
ABF4	ABI2	3702.AT3G19290.3	3702.AT5G57050.1	0	0	0	0	0.047	0	0	0.786	0.787
ABF4	LTI78	3702.AT3G19290.3	3702.AT5G52310.1	0	0	0	0	0	0	0	0.824	0.824
ABF4	LTI65	3702.AT3G19290.3	3702.AT5G52300.1	0	0	0	0	0	0	0	0.825	0.825
ABF4	DREB1A	3702.AT3G19290.3	3702.AT4G25480.1	0	0	0	0	0	0.500	0	0.698	0.842
ABF4	OST1	3702.AT3G19290.3	3702.AT4G33950.1	0	0	0	0	0	0	0.600	0.691	0.871
ABF4	SNRK2.2	3702.AT3G19290.3	3702.AT3G50500.2	0	0	0	0	0	0.499	0.600	0.826	0.962
ABI1	APX1	3702.AT4G26080.1	3702.AT1G07890.8	0	0	0	0	0.086	0	0	0.410	0.437
ABI1	COR47	3702.AT4G26080.1	3702.AT1G20440.1	0	0	0	0	0.180	0	0	0.616	0.671
ABI1	ERD10	3702.AT4G26080.1	3702.AT1G20450.1	0	0	0	0	0.152	0	0	0.441	0.505
ABI1	MYC2	3702.AT4G26080.1	3702.AT1G32640.1	0	0	0	0	0.061	0	0	0.519	0.529
ABI1	bZIP	3702.AT4G26080.1	3702.AT1G68880.1	0	0	0	0	0	0	0	0.741	0.741
ABI1	WRKY40	3702.AT4G26080.1	3702.AT1G80840.1	0	0	0	0	0	0	0	0.461	0.461
ABI1	SOS1	3702.AT4G26080.1	3702.AT2G01980.1	0	0	0	0	0	0	0	0.445	0.445
ABI1	RD20	3702.AT4G26080.1	3702.AT2G33380.1	0	0	0	0	0.200	0	0	0.547	0.622
ABI1	ABI5	3702.AT4G26080.1	3702.AT2G36270.1	0	0	0	0	0.111	0.500	0	0.938	0.970
ABI1	P5CS1	3702.AT4G26080.1	3702.AT2G39800.1	0.190	0	0	0	0.181	0.182	0	0.624	0.768
ABI1	COR15A	3702.AT4G26080.1	3702.AT2G42540.2	0	0	0	0	0.206	0	0	0.627	0.691
ABI1	MYB2	3702.AT4G26080.1	3702.AT2G47190.1	0	0	0	0	0.100	0.051	0	0.587	0.616
ABI1	NCED3	3702.AT4G26080.1	3702.AT3G14440.1	0	0	0	0	0.252	0	0	0.800	0.844
ABI1	ABI3	3702.AT4G26080.1	3702.AT3G24650.1	0	0	0	0	0	0	0	0.900	0.900
ABI1	KIN11	3702.AT4G26080.1	3702.AT3G29160.1	0	0	0	0	0.050	0.081	0.159	0.846	0.871
ABI1	ACT12	3702.AT4G26080.1	3702.AT3G46520.1	0	0	0	0	0	0.052	0	0.581	0.585
ABI1	SNRK2.2	3702.AT4G26080.1	3702.AT3G50500.2	0	0	0	0	0.050	0.839	0.649	0.968	0.998
ABI1	DREB1A	3702.AT4G26080.1	3702.AT4G25480.1	0	0	0	0	0.166	0	0	0.591	0.644
ABI1	CAT	3702.AT4G26080.1	3702.AT4G35090.1	0.052	0	0	0	0	0	0	0.397	0.403
ABI1	SOS3	3702.AT4G26080.1	3702.AT5G24270.2	0	0	0	0	0	0.057	0	0.441	0.450
ABI1	ABI2	3702.AT4G26080.1	3702.AT5G57050.1	0	0	0	0.974	0.449	0	0	0.978	0.462
ABI1	MYBR1	3702.AT4G26080.1	3702.AT5G67300.1	0	0	0	0	0	0.051	0	0.549	0.553
ABI1	AP2	3702.AT4G26080.1	3702.AT4G36920.2	0	0	0	0	0	0	0	0.592	0.592
ABI1	RD22	3702.AT4G26080.1	3702.AT5G25610.1	0	0	0	0	0	0	0	0.640	0.640
ABI1	RD26	3702.AT4G26080.1	3702.AT4G27410.3	0	0	0	0	0.382	0	0	0.590	0.735
ABI1	SOS2	3702.AT4G26080.1	3702.AT5G35410.1	0	0	0	0	0.050	0.521	0.159	0.698	0.869
ABI1	LTI78	3702.AT4G26080.1	3702.AT5G52310.1	0	0	0	0	0.228	0	0	0.891	0.912
ABI1	LTI65	3702.AT4G26080.1	3702.AT5G52300.1	0	0	0	0	0.169	0	0	0.915	0.926
ABI1	OST1	3702.AT4G26080.1	3702.AT4G33950.1	0	0	0	0	0.050	0.999	0.649	0.995	0.999
ABI2	APX1	3702.AT5G57050.1	3702.AT1G07890.8	0	0	0	0	0.086	0	0	0.436	0.462
ABI2	COR47	3702.AT5G57050.1	3702.AT1G20440.1	0	0	0	0	0.145	0	0	0.547	0.596
ABI2	MYC2	3702.AT5G57050.1	3702.AT1G32640.1	0	0	0	0	0	0	0	0.584	0.584
ABI2	bZIP	3702.AT5G57050.1	3702.AT1G68880.1	0	0	0	0	0	0	0	0.695	0.695
ABI2	SOS1	3702.AT5G57050.1	3702.AT2G01980.1	0	0	0	0	0	0	0	0.581	0.581
ABI2	RD20	3702.AT5G57050.1	3702.AT2G33380.1	0	0	0	0	0.271	0	0	0.442	0.575
ABI2	ABI5	3702.AT5G57050.1	3702.AT2G36270.1	0	0	0	0	0.086	0	0	0.906	0.910
ABI2	P5CS1	3702.AT5G57050.1	3702.AT2G39800.1	0.190	0	0	0	0.203	0.182	0	0.578	0.747
ABI2	COR15A	3702.AT5G57050.1	3702.AT2G42540.2	0	0	0	0	0.206	0	0	0.586	0.657
ABI2	MYB2	3702.AT5G57050.1	3702.AT2G47190.1	0	0	0	0	0.058	0.051	0	0.565	0.577
ABI2	NCED3	3702.AT5G57050.1	3702.AT3G14440.1	0	0	0	0	0.227	0	0	0.698	0.756
ABI2	ABI3	3702.AT5G57050.1	3702.AT3G24650.1	0	0	0	0	0	0	0	0.874	0.874
ABI2	KIN11	3702.AT5G57050.1	3702.AT3G29160.1	0	0	0	0	0.050	0.081	0.159	0.882	0.901
ABI2	ACT12	3702.AT5G57050.1	3702.AT3G46520.1	0	0	0	0	0	0.052	0	0.549	0.554
ABI2	SNRK2.2	3702.AT5G57050.1	3702.AT3G50500.2	0	0	0	0	0.050	0.980	0.649	0.925	0.999
ABI2	CBF2	3702.AT5G57050.1	3702.AT4G25470.1	0	0	0	0	0	0	0	0.441	0.441
ABI2	DREB1A	3702.AT5G57050.1	3702.AT4G25480.1	0	0	0	0	0.170	0	0	0.615	0.666
ABI2	RD26	3702.AT5G57050.1	3702.AT4G27410.3	0	0	0	0	0.224	0	0	0.595	0.672
ABI2	OST1	3702.AT5G57050.1	3702.AT4G33950.1	0	0	0	0	0.050	0.999	0.649	0.967	0.999
ABI2	CAT	3702.AT5G57050.1	3702.AT4G35090.1	0.052	0	0	0	0	0	0	0.519	0.524
ABI2	AP2	3702.AT5G57050.1	3702.AT4G36920.2	0	0	0	0	0	0	0	0.627	0.627
ABI2	ZAT6	3702.AT5G57050.1	3702.AT5G04340.1	0	0	0	0	0.045	0.043	0	0.426	0.429
ABI2	SOS3	3702.AT5G57050.1	3702.AT5G24270.2	0	0	0	0	0	0.057	0	0.620	0.626
ABI2	RD22	3702.AT5G57050.1	3702.AT5G25610.1	0	0	0	0	0	0	0	0.616	0.616
ABI2	SOS2	3702.AT5G57050.1	3702.AT5G35410.1	0	0	0	0	0.050	0.521	0.159	0.975	0.989
ABI2	LTI65	3702.AT5G57050.1	3702.AT5G52300.1	0	0	0	0	0.223	0	0	0.835	0.866
ABI2	LTI78	3702.AT5G57050.1	3702.AT5G52310.1	0	0	0	0	0.213	0	0	0.784	0.823
ABI2	MYBR1	3702.AT5G57050.1	3702.AT5G67300.1	0	0	0	0	0	0.051	0	0.565	0.569
ABI3	MYC2	3702.AT3G24650.1	3702.AT1G32640.1	0	0	0	0	0	0	0	0.430	0.430
ABI3	bZIP	3702.AT3G24650.1	3702.AT1G68880.1	0	0	0	0	0	0	0	0.953	0.953
ABI3	WRKY40	3702.AT3G24650.1	3702.AT1G80840.1	0	0	0	0	0	0	0	0.441	0.441
ABI3	ABI5	3702.AT3G24650.1	3702.AT2G36270.1	0	0	0	0	0.056	0.760	0	0.987	0.997
ABI3	COR15A	3702.AT3G24650.1	3702.AT2G42540.2	0	0	0	0	0	0	0	0.461	0.461
ABI3	NCED3	3702.AT3G24650.1	3702.AT3G14440.1	0	0	0	0	0	0	0	0.636	0.636
ABI3	MYB15	3702.AT3G24650.1	3702.AT3G23250.1	0	0	0	0	0.127	0	0	0.438	0.488
ABI3	CBF2	3702.AT3G24650.1	3702.AT4G25470.1	0	0	0	0	0	0	0	0.441	0.441
ABI3	AT4G13100	3702.AT3G24650.1	3702.AT4G13100.2	0	0	0	0	0	0	0	0.445	0.445
ABI3	RD22	3702.AT3G24650.1	3702.AT5G25610.1	0	0	0	0	0	0	0	0.462	0.461
ABI3	ICE1	3702.AT3G24650.1	3702.AT3G26744.1	0	0	0	0	0	0	0	0.519	0.519
ABI3	DREB1A	3702.AT3G24650.1	3702.AT4G25480.1	0	0	0	0	0	0	0	0.519	0.519
ABI3	CBF1	3702.AT3G24650.1	3702.AT4G25490.1	0	0	0	0	0	0	0	0.519	0.519
ABI3	ZAT6	3702.AT3G24650.1	3702.AT5G04340.1	0	0	0	0	0	0	0	0.590	0.590
ABI3	RD26	3702.AT3G24650.1	3702.AT4G27410.3	0	0	0	0	0	0	0	0.598	0.598
ABI3	KIN11	3702.AT3G24650.1	3702.AT3G29160.1	0	0	0	0	0	0	0	0.617	0.617
ABI3	OST1	3702.AT3G24650.1	3702.AT4G33950.1	0	0	0	0	0	0	0	0.623	0.623
ABI3	SNRK2.2	3702.AT3G24650.1	3702.AT3G50500.2	0	0	0	0	0	0	0	0.630	0.630
ABI3	LTI78	3702.AT3G24650.1	3702.AT5G52310.1	0	0	0	0	0	0	0	0.633	0.633
ABI3	LTI65	3702.AT3G24650.1	3702.AT5G52300.1	0	0	0	0	0.082	0	0	0.637	0.652
ABI3	AP2	3702.AT3G24650.1	3702.AT4G36920.2	0	0	0	0	0	0	0	0.871	0.871
ABI5	COR47	3702.AT2G36270.1	3702.AT1G20440.1	0	0	0	0	0	0	0	0.616	0.616
ABI5	MYC2	3702.AT2G36270.1	3702.AT1G32640.1	0	0	0	0	0	0	0	0.615	0.615
ABI5	RABC1	3702.AT2G36270.1	3702.AT1G43890.1	0	0	0	0	0	0	0	0.444	0.444
ABI5	bZIP	3702.AT2G36270.1	3702.AT1G68880.1	0	0	0	0	0	0	0	0.930	0.930
ABI5	WRKY40	3702.AT2G36270.1	3702.AT1G80840.1	0	0	0	0	0	0	0	0.639	0.639
ABI5	RD20	3702.AT2G36270.1	3702.AT2G33380.1	0	0	0	0	0	0.500	0	0.386	0.679
ABI5	CAT	3702.AT2G36270.1	3702.AT4G35090.1	0	0	0	0	0	0	0	0.441	0.441
ABI5	CBF2	3702.AT2G36270.1	3702.AT4G25470.1	0	0	0	0	0	0	0	0.441	0.441
ABI5	ZAT6	3702.AT2G36270.1	3702.AT5G04340.1	0	0	0	0	0	0	0	0.460	0.459
ABI5	HOS1	3702.AT2G36270.1	3702.AT2G39810.1	0	0	0	0	0	0	0	0.461	0.461
ABI5	ACT12	3702.AT2G36270.1	3702.AT3G46520.1	0	0	0	0	0	0	0	0.519	0.519
ABI5	CBF1	3702.AT2G36270.1	3702.AT4G25490.1	0	0	0	0	0	0	0	0.581	0.581
ABI5	MYB2	3702.AT2G36270.1	3702.AT2G47190.1	0	0	0	0	0	0	0	0.615	0.615
ABI5	DREB1A	3702.AT2G36270.1	3702.AT4G25480.1	0	0	0	0	0	0	0	0.616	0.616
ABI5	ICE1	3702.AT2G36270.1	3702.AT3G26744.1	0	0	0	0	0	0	0	0.618	0.618
ABI5	RD22	3702.AT2G36270.1	3702.AT5G25610.1	0	0	0	0	0	0	0	0.640	0.640
ABI5	COR15A	3702.AT2G36270.1	3702.AT2G42540.2	0	0	0	0	0.087	0	0	0.637	0.654
ABI5	AP2	3702.AT2G36270.1	3702.AT4G36920.2	0	0	0	0	0	0	0	0.700	0.700
ABI5	NCED3	3702.AT2G36270.1	3702.AT3G14440.1	0	0	0	0	0	0	0	0.721	0.721
ABI5	RD26	3702.AT2G36270.1	3702.AT4G27410.3	0	0	0	0	0	0.500	0	0.592	0.787
ABI5	LTI78	3702.AT2G36270.1	3702.AT5G52310.1	0	0	0	0	0	0	0	0.810	0.810
ABI5	LTI65	3702.AT2G36270.1	3702.AT5G52300.1	0	0	0	0	0.067	0	0	0.807	0.812
ABI5	SIZ1	3702.AT2G36270.1	3702.AT5G60410.2	0	0	0	0	0	0.543	0	0.650	0.833
ABI5	KIN11	3702.AT2G36270.1	3702.AT3G29160.1	0	0	0	0	0	0.500	0	0.810	0.900
ABI5	OST1	3702.AT2G36270.1	3702.AT4G33950.1	0	0	0	0	0	0	0.600	0.839	0.932
ABI5	SNRK2.2	3702.AT2G36270.1	3702.AT3G50500.2	0	0	0	0	0	0.490	0.600	0.848	0.966
ACT12	APX1	3702.AT3G46520.1	3702.AT1G07890.8	0	0	0	0	0	0	0	0.620	0.620
ACT12	ERD10	3702.AT3G46520.1	3702.AT1G20450.1	0	0	0	0	0	0	0	0.532	0.532
ACT12	STZ	3702.AT3G46520.1	3702.AT1G27730.1	0	0	0	0	0.045	0.089	0.276	0.308	0.505
ACT12	MYC2	3702.AT3G46520.1	3702.AT1G32640.1	0	0	0	0	0	0	0	0.581	0.581
ACT12	RABC1	3702.AT3G46520.1	3702.AT1G43890.1	0	0	0	0	0	0	0.451	0.111	0.491
ACT12	bZIP	3702.AT3G46520.1	3702.AT1G68880.1	0	0	0	0	0	0	0	0.704	0.704
ACT12	ADH1	3702.AT3G46520.1	3702.AT1G77120.1	0	0	0	0	0	0	0	0.593	0.593
ACT12	SOS1	3702.AT3G46520.1	3702.AT2G01980.1	0	0	0	0	0	0	0	0.519	0.519
ACT12	AT3G01890	3702.AT3G46520.1	3702.AT3G01890.1	0	0	0	0	0.049	0.637	0.521	0.106	0.832
ACT12	NCED3	3702.AT3G46520.1	3702.AT3G14440.1	0	0	0	0	0	0	0	0.441	0.441
ACT12	ICE1	3702.AT3G46520.1	3702.AT3G26744.1	0	0	0	0	0	0	0	0.426	0.426
ACT12	RHL41	3702.AT3G46520.1	3702.AT5G59820.1	0	0	0	0	0.045	0.089	0.276	0.161	0.400
ACT12	OST1	3702.AT3G46520.1	3702.AT4G33950.1	0	0	0	0	0	0.046	0	0.441	0.443
ACT12	SOS2	3702.AT3G46520.1	3702.AT5G35410.1	0	0	0	0	0	0.046	0	0.441	0.443
ACT12	DREB1A	3702.AT3G46520.1	3702.AT4G25480.1	0	0	0	0	0	0	0	0.443	0.443
ACT12	HKT1	3702.AT3G46520.1	3702.AT4G10310.1	0	0	0	0	0	0	0	0.449	0.449
ACT12	CBF1	3702.AT3G46520.1	3702.AT4G25490.1	0	0	0	0	0	0	0	0.454	0.454
ACT12	AT3G63480	3702.AT3G46520.1	3702.AT3G63480.1	0	0	0	0	0	0.079	0.268	0.369	0.537
ACT12	NHX1	3702.AT3G46520.1	3702.AT5G27150.1	0	0	0	0	0	0	0	0.550	0.550
ACT12	SOS3	3702.AT3G46520.1	3702.AT5G24270.2	0	0	0	0	0.045	0.164	0.169	0.450	0.586
ACT12	LTI78	3702.AT3G46520.1	3702.AT5G52310.1	0	0	0	0	0	0	0	0.592	0.592
ACT12	ZAT6	3702.AT3G46520.1	3702.AT5G04340.1	0	0	0	0	0.045	0.089	0.276	0.626	0.732
ACT12	CAT	3702.AT3G46520.1	3702.AT4G35090.1	0	0	0	0	0	0.069	0	0.758	0.765
ACT12	AP2	3702.AT3G46520.1	3702.AT4G36920.2	0	0	0	0	0	0	0	0.777	0.777
ACT12	CHC1	3702.AT3G46520.1	3702.AT5G14170.1	0	0	0	0	0.049	0.637	0.521	0.106	0.832
ADH1	APX1	3702.AT1G77120.1	3702.AT1G07890.8	0	0	0	0	0.044	0	0	0.520	0.521
ADH1	GolS3	3702.AT1G77120.1	3702.AT1G09350.1	0	0	0	0	0	0	0	0.769	0.769
ADH1	COR47	3702.AT1G77120.1	3702.AT1G20440.1	0	0	0	0	0	0	0	0.592	0.592
ADH1	bZIP	3702.AT1G77120.1	3702.AT1G68880.1	0	0	0	0	0	0	0	0.591	0.591
ADH1	DREB1A	3702.AT1G77120.1	3702.AT4G25480.1	0	0	0	0	0	0	0	0.462	0.461
ADH1	AP2	3702.AT1G77120.1	3702.AT4G36920.2	0	0	0	0	0	0	0	0.598	0.598
ADH1	P5CS1	3702.AT1G77120.1	3702.AT2G39800.1	0	0	0	0	0	0	0.303	0.471	0.616
ADH1	COR15A	3702.AT1G77120.1	3702.AT2G42540.2	0	0	0	0	0	0	0	0.622	0.622
ADH1	MYB2	3702.AT1G77120.1	3702.AT2G47190.1	0	0	0	0	0	0	0	0.637	0.637
ADH1	RD22	3702.AT1G77120.1	3702.AT5G25610.1	0	0	0	0	0	0	0	0.637	0.637
ADH1	LTI65	3702.AT1G77120.1	3702.AT5G52300.1	0	0	0	0	0	0	0	0.637	0.637
ADH1	CAT	3702.AT1G77120.1	3702.AT4G35090.1	0	0	0	0	0	0	0.318	0.536	0.670
ADH1	LTI78	3702.AT1G77120.1	3702.AT5G52310.1	0	0	0	0	0	0	0	0.694	0.694
ADH1	HKT1	3702.AT1G77120.1	3702.AT4G10310.1	0	0	0	0	0	0	0	0.705	0.705
ADH1	RD20	3702.AT1G77120.1	3702.AT2G33380.1	0	0	0	0	0	0	0	0.798	0.798
AP2	APX1	3702.AT4G36920.2	3702.AT1G07890.8	0	0	0	0	0	0	0	0.620	0.620
AP2	COR47	3702.AT4G36920.2	3702.AT1G20440.1	0	0	0	0	0	0	0	0.542	0.542
AP2	STZ	3702.AT4G36920.2	3702.AT1G27730.1	0	0	0	0	0	0	0	0.620	0.620
AP2	MYC2	3702.AT4G36920.2	3702.AT1G32640.1	0	0	0	0	0	0	0	0.743	0.743
AP2	bZIP	3702.AT4G36920.2	3702.AT1G68880.1	0	0	0	0	0	0	0	0.964	0.964
AP2	WRKY40	3702.AT4G36920.2	3702.AT1G80840.1	0	0	0	0	0	0	0	0.637	0.637
AP2	P5CS1	3702.AT4G36920.2	3702.AT2G39800.1	0	0	0	0	0	0	0	0.427	0.426
AP2	HOS1	3702.AT4G36920.2	3702.AT2G39810.1	0	0	0	0	0	0	0	0.584	0.584
AP2	COR15A	3702.AT4G36920.2	3702.AT2G42540.2	0	0	0	0	0	0	0	0.632	0.632
AP2	MYB2	3702.AT4G36920.2	3702.AT2G47190.1	0	0	0	0	0	0	0	0.626	0.626
AP2	NCED3	3702.AT4G36920.2	3702.AT3G14440.1	0	0	0	0	0	0	0	0.616	0.616
AP2	MYB15	3702.AT4G36920.2	3702.AT3G23250.1	0	0	0	0	0	0	0	0.621	0.621
AP2	ICE1	3702.AT4G36920.2	3702.AT3G26744.1	0	0	0	0	0	0	0	0.650	0.650
AP2	KIN11	3702.AT4G36920.2	3702.AT3G29160.1	0	0	0	0	0	0	0	0.620	0.620
AP2	AT4G13100	3702.AT4G36920.2	3702.AT4G13100.2	0	0	0	0	0	0	0	0.428	0.428
AP2	CBF2	3702.AT4G36920.2	3702.AT4G25470.1	0	0	0	0	0	0	0	0.848	0.848
AP2	DREB1A	3702.AT4G36920.2	3702.AT4G25480.1	0	0	0	0	0	0	0	0.880	0.880
AP2	CBF1	3702.AT4G36920.2	3702.AT4G25490.1	0	0	0	0	0	0	0	0.876	0.876
AP2	RD26	3702.AT4G36920.2	3702.AT4G27410.3	0	0	0	0	0	0	0	0.616	0.616
AP2	ULT1	3702.AT4G36920.2	3702.AT4G28190.2	0	0	0	0	0	0	0	0.441	0.441
AP2	OST1	3702.AT4G36920.2	3702.AT4G33950.1	0	0	0	0	0	0	0	0.428	0.428
AP2	CAT	3702.AT4G36920.2	3702.AT4G35090.1	0	0	0	0	0	0	0	0.618	0.618
AP2	KIN2	3702.AT4G36920.2	3702.AT5G15970.1	0	0	0	0	0	0	0	0.414	0.414
AP2	SIZ1	3702.AT4G36920.2	3702.AT5G60410.2	0	0	0	0	0	0	0	0.441	0.441
AP2	MYBR1	3702.AT4G36920.2	3702.AT5G67300.1	0	0	0	0	0	0	0	0.565	0.565
AP2	LTI65	3702.AT4G36920.2	3702.AT5G52300.1	0	0	0	0	0	0	0	0.586	0.586
AP2	RHL41	3702.AT4G36920.2	3702.AT5G59820.1	0	0	0	0	0	0	0	0.592	0.592
AP2	RD22	3702.AT4G36920.2	3702.AT5G25610.1	0	0	0	0	0	0	0	0.596	0.596
AP2	LTI78	3702.AT4G36920.2	3702.AT5G52310.1	0	0	0	0	0	0	0	0.659	0.659
AP2	ZAT6	3702.AT4G36920.2	3702.AT5G04340.1	0	0	0	0	0	0	0	0.958	0.958
APX1	SHM6	3702.AT1G07890.8	3702.AT1G22020.1	0.058	0	0	0	0.048	0	0.317	0.169	0.422
APX1	SHM7	3702.AT1G07890.8	3702.AT1G36370.1	0.058	0	0	0	0.048	0	0.317	0.169	0.422
APX1	SHM3	3702.AT1G07890.8	3702.AT4G32520.1	0.058	0	0	0	0.048	0	0.317	0.169	0.422
APX1	SOS2	3702.AT1G07890.8	3702.AT5G35410.1	0	0	0	0	0.055	0	0	0.425	0.433
APX1	SHM2	3702.AT1G07890.8	3702.AT5G26780.3	0.058	0	0	0	0.048	0	0.317	0.189	0.436
APX1	OST1	3702.AT1G07890.8	3702.AT4G33950.1	0	0	0	0	0.055	0	0	0.429	0.437
APX1	DREB1A	3702.AT1G07890.8	3702.AT4G25480.1	0	0	0	0	0	0	0	0.454	0.454
APX1	NCED3	3702.AT1G07890.8	3702.AT3G14440.1	0	0	0	0	0	0	0	0.498	0.497
APX1	LTI78	3702.AT1G07890.8	3702.AT5G52310.1	0	0	0	0	0	0	0	0.519	0.519
APX1	ZAT6	3702.AT1G07890.8	3702.AT5G04340.1	0	0	0	0	0	0	0	0.520	0.520
APX1	SOS3	3702.AT1G07890.8	3702.AT5G24270.2	0	0	0	0	0	0	0	0.541	0.541
APX1	P5CS1	3702.AT1G07890.8	3702.AT2G39800.1	0.107	0	0	0	0	0	0	0.532	0.565
APX1	bZIP	3702.AT1G07890.8	3702.AT1G68880.1	0	0	0	0	0	0	0	0.597	0.597
APX1	NHX1	3702.AT1G07890.8	3702.AT5G27150.1	0.073	0	0	0	0	0	0	0.601	0.614
APX1	SOS1	3702.AT1G07890.8	3702.AT2G01980.1	0.073	0	0	0	0	0	0	0.601	0.614
APX1	STZ	3702.AT1G07890.8	3702.AT1G27730.1	0	0	0	0	0	0	0	0.619	0.619
APX1	SHM1	3702.AT1G07890.8	3702.AT4G37930.1	0.058	0	0	0	0.048	0	0.317	0.617	0.734
APX1	RHL41	3702.AT1G07890.8	3702.AT5G59820.1	0	0	0	0	0	0	0	0.744	0.744
APX1	CAT	3702.AT1G07890.8	3702.AT4G35090.1	0.128	0	0	0	0	0	0	0.972	0.975
AT3G01890	SHM6	3702.AT3G01890.1	3702.AT1G22020.1	0	0	0	0	0	0	0	0.602	0.602
AT3G01890	STZ	3702.AT3G01890.1	3702.AT1G27730.1	0	0	0	0	0	0.131	0.383	0.049	0.445
AT3G01890	SHM7	3702.AT3G01890.1	3702.AT1G36370.1	0	0	0	0	0	0	0	0.602	0.602
AT3G01890	DREB1A	3702.AT3G01890.1	3702.AT4G25480.1	0	0	0	0	0	0	0	0.416	0.416
AT3G01890	CBF2	3702.AT3G01890.1	3702.AT4G25470.1	0	0	0	0	0	0	0	0.416	0.416
AT3G01890	CBF1	3702.AT3G01890.1	3702.AT4G25490.1	0	0	0	0	0	0	0	0.416	0.416
AT3G01890	RHL41	3702.AT3G01890.1	3702.AT5G59820.1	0	0	0	0	0	0.131	0.383	0.049	0.445
AT3G01890	ZAT6	3702.AT3G01890.1	3702.AT5G04340.1	0	0	0	0	0	0.131	0.383	0.049	0.445
AT3G01890	SHM1	3702.AT3G01890.1	3702.AT4G37930.1	0	0	0	0	0	0	0	0.546	0.546
AT3G01890	SHM3	3702.AT3G01890.1	3702.AT4G32520.1	0	0	0	0	0	0	0	0.546	0.546
AT3G01890	SHM2	3702.AT3G01890.1	3702.AT5G26780.3	0	0	0	0	0	0	0	0.546	0.546
AT3G63480	COR47	3702.AT3G63480.1	3702.AT1G20440.1	0	0	0	0	0	0	0	0.826	0.826
AT3G63480	RABC1	3702.AT3G63480.1	3702.AT1G43890.1	0	0	0	0	0	0	0	0.829	0.829
AT3G63480	P5CS1	3702.AT3G63480.1	3702.AT2G39800.1	0	0	0	0	0	0.049	0	0.453	0.458
AT3G63480	COR15A	3702.AT3G63480.1	3702.AT2G42540.2	0	0	0	0	0	0	0	0.550	0.550
AT3G63480	ICE1	3702.AT3G63480.1	3702.AT3G26744.1	0	0	0	0	0	0	0	0.590	0.590
AT3G63480	DREB1A	3702.AT3G63480.1	3702.AT4G25480.1	0	0	0	0	0	0	0	0.490	0.489
AT3G63480	RD22	3702.AT3G63480.1	3702.AT5G25610.1	0	0	0	0	0	0	0	0.519	0.519
AT3G63480	LTI78	3702.AT3G63480.1	3702.AT5G52310.1	0	0	0	0	0	0	0	0.546	0.546
AT3G63480	CBF2	3702.AT3G63480.1	3702.AT4G25470.1	0	0	0	0	0	0	0	0.630	0.630
AT3G63480	CBF1	3702.AT3G63480.1	3702.AT4G25490.1	0	0	0	0	0	0	0	0.636	0.636
AT4G13100	CBF2	3702.AT4G13100.2	3702.AT4G25470.1	0	0	0	0	0	0	0	0.514	0.514
AT4G13100	DREB1A	3702.AT4G13100.2	3702.AT4G25480.1	0	0	0	0	0	0	0	0.592	0.592
AT5G38760	CBF2	3702.AT5G38760.1	3702.AT4G25470.1	0	0	0	0	0	0	0	0.621	0.621
AT5G38760	DREB1A	3702.AT5G38760.1	3702.AT4G25480.1	0	0	0	0	0	0	0	0.621	0.621
AT5G38760	CBF1	3702.AT5G38760.1	3702.AT4G25490.1	0	0	0	0	0	0	0	0.621	0.621
AT5G38760	AT5G44310	3702.AT5G38760.1	3702.AT5G44310.2	0	0	0	0	0	0	0	0.708	0.708
AT5G44310	CBF2	3702.AT5G44310.2	3702.AT4G25470.1	0	0	0	0	0	0	0	0.596	0.596
AT5G44310	DREB1A	3702.AT5G44310.2	3702.AT4G25480.1	0	0	0	0	0	0	0	0.596	0.596
AT5G44310	CBF1	3702.AT5G44310.2	3702.AT4G25490.1	0	0	0	0	0	0	0	0.596	0.596
AT5G44310	LTI65	3702.AT5G44310.2	3702.AT5G52300.1	0	0	0	0	0.424	0	0	0	0.424
At5g53660	RABC1	3702.AT5G53660.1	3702.AT1G43890.1	0	0	0	0	0	0	0	0.634	0.634
At5g53660	DREB1A	3702.AT5G53660.1	3702.AT4G25480.1	0	0	0	0	0	0	0	0.426	0.426
BPM1	DREB1A	3702.AT5G19000.2	3702.AT4G25480.1	0	0	0	0	0	0.500	0	0	0.499
BZO2H3	bZIP	3702.AT5G28770.2	3702.AT1G68880.1	0	0	0	0	0	0	0	0.822	0.822
BZO2H3	KIN11	3702.AT5G28770.2	3702.AT3G29160.1	0	0	0	0	0	0	0	0.587	0.587
BZO2H3	CBF2	3702.AT5G28770.2	3702.AT4G25470.1	0	0	0	0	0	0	0	0.516	0.516
BZO2H3	DREB1A	3702.AT5G28770.2	3702.AT4G25480.1	0	0	0	0	0	0	0	0.516	0.516
BZO2H3	CBF1	3702.AT5G28770.2	3702.AT4G25490.1	0	0	0	0	0	0	0	0.560	0.560
BZO2H3	RD26	3702.AT5G28770.2	3702.AT4G27410.3	0	0	0	0	0	0	0	0.416	0.416
CAT	COR47	3702.AT4G35090.1	3702.AT1G20440.1	0	0	0	0	0	0	0	0.465	0.465
CAT	STZ	3702.AT4G35090.1	3702.AT1G27730.1	0	0	0	0	0	0	0	0.452	0.452
CAT	bZIP	3702.AT4G35090.1	3702.AT1G68880.1	0	0	0	0	0	0	0	0.623	0.623
CAT	SOS1	3702.AT4G35090.1	3702.AT2G01980.1	0	0	0	0	0	0	0	0.618	0.618
CAT	P5CS1	3702.AT4G35090.1	3702.AT2G39800.1	0	0	0	0	0	0	0	0.761	0.761
CAT	COR15A	3702.AT4G35090.1	3702.AT2G42540.2	0	0	0	0	0	0	0	0.400	0.400
CAT	NCED3	3702.AT4G35090.1	3702.AT3G14440.1	0	0	0	0	0	0	0	0.519	0.519
CAT	KIN11	3702.AT4G35090.1	3702.AT3G29160.1	0	0	0	0	0.053	0.042	0	0.460	0.467
CAT	HKT1	3702.AT4G35090.1	3702.AT4G10310.1	0	0	0	0	0	0	0	0.464	0.463
CAT	DREB1A	3702.AT4G35090.1	3702.AT4G25480.1	0	0	0	0	0	0	0	0.546	0.546
CAT	CBF1	3702.AT4G35090.1	3702.AT4G25490.1	0	0	0	0	0	0	0	0.520	0.520
CAT	OST1	3702.AT4G35090.1	3702.AT4G33950.1	0	0	0	0	0.053	0.042	0	0.460	0.467
CAT	ZAT6	3702.AT4G35090.1	3702.AT5G04340.1	0	0	0	0	0	0	0	0.529	0.529
CAT	NHX1	3702.AT4G35090.1	3702.AT5G27150.1	0	0	0	0	0	0	0	0.549	0.549
CAT	SOS3	3702.AT4G35090.1	3702.AT5G24270.2	0	0	0	0	0.041	0	0	0.552	0.552
CAT	SHM1	3702.AT4G35090.1	3702.AT4G37930.1	0.047	0	0	0	0.145	0	0	0.514	0.569
CAT	RHL41	3702.AT4G35090.1	3702.AT5G59820.1	0	0	0	0	0	0	0	0.601	0.601
CAT	LTI78	3702.AT4G35090.1	3702.AT5G52310.1	0	0	0	0	0	0	0	0.617	0.617
CAT	SOS2	3702.AT4G35090.1	3702.AT5G35410.1	0	0	0	0	0.053	0.501	0	0.681	0.836
CBF1	GolS3	3702.AT4G25490.1	3702.AT1G09350.1	0	0	0	0	0.055	0	0	0.581	0.587
CBF1	SCRM2	3702.AT4G25490.1	3702.AT1G12860.1	0	0	0	0	0	0	0	0.751	0.751
CBF1	COR47	3702.AT4G25490.1	3702.AT1G20440.1	0	0	0	0	0.054	0	0	0.902	0.903
CBF1	ERD10	3702.AT4G25490.1	3702.AT1G20450.1	0	0	0	0	0.073	0	0	0.517	0.533
CBF1	SHM6	3702.AT4G25490.1	3702.AT1G22020.1	0	0	0	0	0	0	0	0.546	0.546
CBF1	STZ	3702.AT4G25490.1	3702.AT1G27730.1	0	0	0	0	0.203	0	0	0.639	0.699
CBF1	MYC2	3702.AT4G25490.1	3702.AT1G32640.1	0	0	0	0	0.186	0	0	0.462	0.543
CBF1	SHM7	3702.AT4G25490.1	3702.AT1G36370.1	0	0	0	0	0	0	0	0.546	0.546
CBF1	bZIP	3702.AT4G25490.1	3702.AT1G68880.1	0	0	0	0	0	0	0	0.616	0.616
CBF1	ULT2	3702.AT4G25490.1	3702.AT2G20825.1	0	0	0	0	0	0	0	0.406	0.406
CBF1	CMTA3	3702.AT4G25490.1	3702.AT2G22300.1	0	0	0	0	0	0	0	0.694	0.694
CBF1	HOS1	3702.AT4G25490.1	3702.AT2G39810.1	0	0	0	0	0	0	0	0.773	0.773
CBF1	COR15B	3702.AT4G25490.1	3702.AT2G42530.1	0	0	0	0	0.058	0	0	0.656	0.662
CBF1	COR15A	3702.AT4G25490.1	3702.AT2G42540.2	0	0	0	0	0	0	0	0.927	0.927
CBF1	MYB2	3702.AT4G25490.1	3702.AT2G47190.1	0	0	0	0	0	0	0	0.448	0.448
CBF1	NCED3	3702.AT4G25490.1	3702.AT3G14440.1	0	0	0	0	0.167	0	0	0.419	0.495
CBF1	MYB15	3702.AT4G25490.1	3702.AT3G23250.1	0	0	0	0	0.117	0	0	0.827	0.840
CBF1	ICE1	3702.AT4G25490.1	3702.AT3G26744.1	0	0	0	0	0	0	0	0.935	0.935
CBF1	LTI30	3702.AT4G25490.1	3702.AT3G50970.1	0	0	0	0	0	0	0	0.464	0.463
CBF1	CBF2	3702.AT4G25490.1	3702.AT4G25470.1	0	0	0	0.981	0.835	0	0	0.966	0.838
CBF1	DREB1A	3702.AT4G25490.1	3702.AT4G25480.1	0	0	0	0.980	0.398	0	0	0.966	0.409
CBF1	ULT1	3702.AT4G25490.1	3702.AT4G28190.2	0	0	0	0	0	0	0	0.406	0.406
CBF1	SHM2	3702.AT4G25490.1	3702.AT5G26780.3	0	0	0	0	0	0	0	0.416	0.416
CBF1	SHM3	3702.AT4G25490.1	3702.AT4G32520.1	0	0	0	0	0	0	0	0.416	0.416
CBF1	CHC1	3702.AT4G25490.1	3702.AT5G14170.1	0	0	0	0	0	0	0	0.416	0.416
CBF1	SHM1	3702.AT4G25490.1	3702.AT4G37930.1	0	0	0	0	0	0	0	0.416	0.416
CBF1	OST1	3702.AT4G25490.1	3702.AT4G33950.1	0	0	0	0	0	0	0	0.543	0.543
CBF1	CRLK1	3702.AT4G25490.1	3702.AT5G54590.2	0	0	0	0	0	0	0	0.551	0.551
CBF1	RD22	3702.AT4G25490.1	3702.AT5G25610.1	0	0	0	0	0	0	0	0.586	0.586
CBF1	RD26	3702.AT4G25490.1	3702.AT4G27410.3	0	0	0	0	0.117	0	0	0.584	0.616
CBF1	LTI65	3702.AT4G25490.1	3702.AT5G52300.1	0	0	0	0	0	0	0	0.618	0.618
CBF1	KIN2	3702.AT4G25490.1	3702.AT5G15970.1	0	0	0	0	0.054	0	0	0.637	0.641
CBF1	ZAT6	3702.AT4G25490.1	3702.AT5G04340.1	0	0	0	0	0.161	0	0	0.616	0.664
CBF1	SIZ1	3702.AT4G25490.1	3702.AT5G60410.2	0	0	0	0	0	0	0	0.675	0.675
CBF1	RHL41	3702.AT4G25490.1	3702.AT5G59820.1	0	0	0	0	0.171	0	0	0.803	0.829
CBF1	LTI78	3702.AT4G25490.1	3702.AT5G52310.1	0	0	0	0	0.078	0	0	0.913	0.916
CBF2	GolS3	3702.AT4G25470.1	3702.AT1G09350.1	0	0	0	0	0.054	0	0	0.565	0.570
CBF2	SCRM2	3702.AT4G25470.1	3702.AT1G12860.1	0	0	0	0	0	0	0	0.637	0.637
CBF2	COR47	3702.AT4G25470.1	3702.AT1G20440.1	0	0	0	0	0	0	0	0.846	0.846
CBF2	SHM6	3702.AT4G25470.1	3702.AT1G22020.1	0	0	0	0	0	0	0	0.546	0.546
CBF2	STZ	3702.AT4G25470.1	3702.AT1G27730.1	0	0	0	0	0.285	0	0	0.639	0.730
CBF2	MYC2	3702.AT4G25470.1	3702.AT1G32640.1	0	0	0	0	0.194	0	0	0.346	0.450
CBF2	SHM7	3702.AT4G25470.1	3702.AT1G36370.1	0	0	0	0	0	0	0	0.587	0.587
CBF2	bZIP	3702.AT4G25470.1	3702.AT1G68880.1	0	0	0	0	0	0	0	0.581	0.581
CBF2	WRKY40	3702.AT4G25470.1	3702.AT1G80840.1	0	0	0	0	0.245	0	0	0.308	0.455
CBF2	ULT2	3702.AT4G25470.1	3702.AT2G20825.1	0	0	0	0	0	0	0	0.406	0.406
CBF2	CMTA3	3702.AT4G25470.1	3702.AT2G22300.1	0	0	0	0	0	0	0	0.848	0.848
CBF2	HOS1	3702.AT4G25470.1	3702.AT2G39810.1	0	0	0	0	0	0	0	0.803	0.803
CBF2	COR15B	3702.AT4G25470.1	3702.AT2G42530.1	0	0	0	0	0	0	0	0.638	0.638
CBF2	COR15A	3702.AT4G25470.1	3702.AT2G42540.2	0	0	0	0	0	0	0	0.903	0.903
CBF2	MYB2	3702.AT4G25470.1	3702.AT2G47190.1	0	0	0	0	0	0	0	0.427	0.426
CBF2	NCED3	3702.AT4G25470.1	3702.AT3G14440.1	0	0	0	0	0.165	0	0	0.441	0.513
CBF2	MYB15	3702.AT4G25470.1	3702.AT3G23250.1	0	0	0	0	0.140	0	0	0.750	0.775
CBF2	ICE1	3702.AT4G25470.1	3702.AT3G26744.1	0	0	0	0	0	0	0	0.919	0.919
CBF2	ULT1	3702.AT4G25470.1	3702.AT4G28190.2	0	0	0	0	0	0	0	0.406	0.406
CBF2	CHC1	3702.AT4G25470.1	3702.AT5G14170.1	0	0	0	0	0	0	0	0.416	0.416
CBF2	SHM3	3702.AT4G25470.1	3702.AT4G32520.1	0	0	0	0	0	0	0	0.416	0.416
CBF2	SHM1	3702.AT4G25470.1	3702.AT4G37930.1	0	0	0	0	0	0	0	0.416	0.416
CBF2	SHM2	3702.AT4G25470.1	3702.AT5G26780.3	0	0	0	0	0	0	0	0.416	0.416
CBF2	OST1	3702.AT4G25470.1	3702.AT4G33950.1	0	0	0	0	0	0	0	0.450	0.450
CBF2	RD26	3702.AT4G25470.1	3702.AT4G27410.3	0	0	0	0	0.086	0	0	0.429	0.455
CBF2	CRLK1	3702.AT4G25470.1	3702.AT5G54590.2	0	0	0	0	0	0	0	0.456	0.456
CBF2	DREB1A	3702.AT4G25470.1	3702.AT4G25480.1	0	0	0	0.981	0.484	0	0	0.966	0.493
CBF2	RD22	3702.AT4G25470.1	3702.AT5G25610.1	0	0	0	0	0	0	0	0.519	0.519
CBF2	KIN2	3702.AT4G25470.1	3702.AT5G15970.1	0	0	0	0	0	0	0	0.592	0.592
CBF2	LTI65	3702.AT4G25470.1	3702.AT5G52300.1	0	0	0	0	0	0	0	0.615	0.615
CBF2	ZAT6	3702.AT4G25470.1	3702.AT5G04340.1	0	0	0	0	0.177	0	0	0.591	0.649
CBF2	SIZ1	3702.AT4G25470.1	3702.AT5G60410.2	0	0	0	0	0	0	0	0.672	0.672
CBF2	RHL41	3702.AT4G25470.1	3702.AT5G59820.1	0	0	0	0	0.206	0	0	0.830	0.859
CBF2	LTI78	3702.AT4G25470.1	3702.AT5G52310.1	0	0	0	0	0	0	0	0.900	0.900
CHC1	SHM6	3702.AT5G14170.1	3702.AT1G22020.1	0	0	0	0	0	0	0	0.602	0.602
CHC1	STZ	3702.AT5G14170.1	3702.AT1G27730.1	0	0	0	0	0	0.131	0.383	0.049	0.445
CHC1	SHM7	3702.AT5G14170.1	3702.AT1G36370.1	0	0	0	0	0	0	0	0.602	0.602
CHC1	DREB1A	3702.AT5G14170.1	3702.AT4G25480.1	0	0	0	0	0	0	0	0.416	0.416
CHC1	SHM3	3702.AT5G14170.1	3702.AT4G32520.1	0	0	0	0	0	0	0	0.546	0.546
CHC1	SHM1	3702.AT5G14170.1	3702.AT4G37930.1	0	0	0	0	0	0	0	0.546	0.546
CHC1	ZAT6	3702.AT5G14170.1	3702.AT5G04340.1	0	0	0	0	0	0.131	0.383	0.049	0.445
CHC1	RHL41	3702.AT5G14170.1	3702.AT5G59820.1	0	0	0	0	0	0.131	0.383	0.049	0.445
CHC1	SHM2	3702.AT5G14170.1	3702.AT5G26780.3	0	0	0	0	0	0	0	0.546	0.546
CMTA3	SCRM2	3702.AT2G22300.1	3702.AT1G12860.1	0	0	0	0	0	0	0	0.618	0.618
CMTA3	DREB1A	3702.AT2G22300.1	3702.AT4G25480.1	0	0	0	0	0	0	0	0.589	0.589
CMTA3	HOS1	3702.AT2G22300.1	3702.AT2G39810.1	0	0	0	0	0	0	0	0.598	0.598
CMTA3	RHL41	3702.AT2G22300.1	3702.AT5G59820.1	0	0	0	0	0.097	0.053	0	0.635	0.660
CMTA3	MYB15	3702.AT2G22300.1	3702.AT3G23250.1	0	0	0	0	0.112	0	0	0.686	0.709
CMTA3	SIZ1	3702.AT2G22300.1	3702.AT5G60410.2	0	0	0	0	0.079	0	0	0.702	0.714
CMTA3	ICE1	3702.AT2G22300.1	3702.AT3G26744.1	0	0	0	0	0	0	0	0.779	0.779
CMTA3	CRLK1	3702.AT2G22300.1	3702.AT5G54590.2	0	0	0	0	0	0	0	0.864	0.864
COR15A	LEA14	3702.AT2G42540.2	3702.AT1G01470.1	0	0	0	0	0.206	0	0	0.581	0.653
COR15A	GolS3	3702.AT2G42540.2	3702.AT1G09350.1	0	0	0	0	0.137	0	0	0.829	0.846
COR15A	SCRM2	3702.AT2G42540.2	3702.AT1G12860.1	0	0	0	0	0	0	0	0.430	0.430
COR15A	COR47	3702.AT2G42540.2	3702.AT1G20440.1	0	0	0	0	0.182	0	0	0.961	0.966
COR15A	ERD10	3702.AT2G42540.2	3702.AT1G20450.1	0	0	0	0	0.265	0	0	0.848	0.883
COR15A	STZ	3702.AT2G42540.2	3702.AT1G27730.1	0	0	0	0	0	0	0	0.619	0.619
COR15A	COR413IM1	3702.AT2G42540.2	3702.AT1G29395.1	0	0	0	0	0.430	0	0	0.101	0.465
COR15A	bZIP	3702.AT2G42540.2	3702.AT1G68880.1	0	0	0	0	0	0	0	0.580	0.580
COR15A	SOS1	3702.AT2G42540.2	3702.AT2G01980.1	0	0	0	0	0	0	0	0.463	0.463
COR15A	RD20	3702.AT2G42540.2	3702.AT2G33380.1	0	0	0	0	0.259	0	0	0.616	0.703
COR15A	P5CS1	3702.AT2G42540.2	3702.AT2G39800.1	0	0	0	0	0.208	0	0	0.600	0.669
COR15A	HOS1	3702.AT2G42540.2	3702.AT2G39810.1	0	0	0	0	0	0	0	0.616	0.616
COR15A	COR15B	3702.AT2G42540.2	3702.AT2G42530.1	0	0	0	0.972	0.863	0	0	0.962	0.866
COR15A	SNRK2.2	3702.AT2G42540.2	3702.AT3G50500.2	0	0	0	0	0	0	0	0.429	0.429
COR15A	ZAT6	3702.AT2G42540.2	3702.AT5G04340.1	0	0	0	0	0	0	0	0.463	0.463
COR15A	SIZ1	3702.AT2G42540.2	3702.AT5G60410.2	0	0	0	0	0	0	0	0.573	0.573
COR15A	RD26	3702.AT2G42540.2	3702.AT4G27410.3	0	0	0	0	0.100	0	0	0.549	0.576
COR15A	RHL41	3702.AT2G42540.2	3702.AT5G59820.1	0	0	0	0	0	0	0	0.619	0.619
COR15A	MYB15	3702.AT2G42540.2	3702.AT3G23250.1	0	0	0	0	0	0	0	0.623	0.623
COR15A	NCED3	3702.AT2G42540.2	3702.AT3G14440.1	0	0	0	0	0.118	0	0	0.616	0.646
COR15A	LTI30	3702.AT2G42540.2	3702.AT3G50970.1	0	0	0	0	0.215	0	0	0.600	0.672
COR15A	ICE1	3702.AT2G42540.2	3702.AT3G26744.1	0	0	0	0	0	0	0	0.750	0.750
COR15A	RD22	3702.AT2G42540.2	3702.AT5G25610.1	0	0	0	0	0.199	0	0	0.848	0.873
COR15A	DREB1A	3702.AT2G42540.2	3702.AT4G25480.1	0	0	0	0	0.207	0	0	0.907	0.923
COR15A	LTI65	3702.AT2G42540.2	3702.AT5G52300.1	0	0	0	0	0.139	0	0	0.930	0.937
COR15A	KIN2	3702.AT2G42540.2	3702.AT5G15970.1	0	0	0	0	0.357	0	0	0.909	0.938
COR15A	LTI78	3702.AT2G42540.2	3702.AT5G52310.1	0	0	0	0	0.539	0	0	0.966	0.983
COR15B	LEA14	3702.AT2G42530.1	3702.AT1G01470.1	0	0	0	0	0.198	0	0	0.345	0.452
COR15B	GolS3	3702.AT2G42530.1	3702.AT1G09350.1	0	0	0	0	0.146	0	0	0.520	0.572
COR15B	COR47	3702.AT2G42530.1	3702.AT1G20440.1	0	0	0	0	0.181	0	0	0.846	0.868
COR15B	ERD10	3702.AT2G42530.1	3702.AT1G20450.1	0	0	0	0	0.217	0	0	0.636	0.702
COR15B	COR413IM1	3702.AT2G42530.1	3702.AT1G29395.1	0	0	0	0	0.442	0	0	0	0.442
COR15B	P5CS1	3702.AT2G42530.1	3702.AT2G39800.1	0	0	0	0	0.183	0	0	0.375	0.467
COR15B	RD22	3702.AT2G42530.1	3702.AT5G25610.1	0	0	0	0	0.100	0	0	0.390	0.427
COR15B	ICE1	3702.AT2G42530.1	3702.AT3G26744.1	0	0	0	0	0	0	0	0.441	0.441
COR15B	LTI65	3702.AT2G42530.1	3702.AT5G52300.1	0	0	0	0	0.100	0	0	0.637	0.659
COR15B	LTI30	3702.AT2G42530.1	3702.AT3G50970.1	0	0	0	0	0.170	0	0	0.621	0.671
COR15B	DREB1A	3702.AT2G42530.1	3702.AT4G25480.1	0	0	0	0	0.259	0	0	0.638	0.720
COR15B	KIN2	3702.AT2G42530.1	3702.AT5G15970.1	0	0	0	0	0.321	0	0	0.691	0.781
COR15B	LTI78	3702.AT2G42530.1	3702.AT5G52310.1	0	0	0	0	0.422	0	0	0.846	0.907
COR413IM1	DREB1A	3702.AT1G29395.1	3702.AT4G25480.1	0	0	0	0	0.192	0	0	0.309	0.417
COR413IM1	P1R1	3702.AT1G29395.1	3702.AT5G57780.1	0	0	0	0	0	0	0	0.446	0.446
COR47	LEA14	3702.AT1G20440.1	3702.AT1G01470.1	0	0	0	0	0.456	0	0	0.660	0.807
COR47	GolS3	3702.AT1G20440.1	3702.AT1G09350.1	0	0	0	0	0.099	0	0	0.596	0.620
COR47	SCRM2	3702.AT1G20440.1	3702.AT1G12860.1	0	0	0	0	0	0	0	0.441	0.441
COR47	NHX1	3702.AT1G20440.1	3702.AT5G27150.1	0	0	0	0	0	0	0	0.400	0.400
COR47	MYB2	3702.AT1G20440.1	3702.AT2G47190.1	0	0	0	0	0	0	0	0.463	0.463
COR47	STZ	3702.AT1G20440.1	3702.AT1G27730.1	0	0	0	0	0	0	0	0.490	0.489
COR47	bZIP	3702.AT1G20440.1	3702.AT1G68880.1	0	0	0	0	0	0	0	0.520	0.520
COR47	LTI30	3702.AT1G20440.1	3702.AT3G50970.1	0	0	0	0.702	0.397	0	0	0.876	0.553
COR47	P5CS1	3702.AT1G20440.1	3702.AT2G39800.1	0	0	0	0	0.111	0	0	0.527	0.561
COR47	RHL41	3702.AT1G20440.1	3702.AT5G59820.1	0	0	0	0	0	0	0	0.565	0.565
COR47	SIZ1	3702.AT1G20440.1	3702.AT5G60410.2	0	0	0	0	0	0	0	0.580	0.580
COR47	MYB15	3702.AT1G20440.1	3702.AT3G23250.1	0	0	0	0	0	0	0	0.581	0.581
COR47	HOS1	3702.AT1G20440.1	3702.AT2G39810.1	0	0	0	0	0	0	0	0.581	0.581
COR47	RD26	3702.AT1G20440.1	3702.AT4G27410.3	0	0	0	0	0.204	0	0	0.519	0.600
COR47	RABC1	3702.AT1G20440.1	3702.AT1G43890.1	0	0	0	0	0	0	0	0.637	0.637
COR47	NCED3	3702.AT1G20440.1	3702.AT3G14440.1	0	0	0	0	0.150	0	0	0.596	0.641
COR47	RD20	3702.AT1G20440.1	3702.AT2G33380.1	0	0	0	0	0.170	0	0	0.619	0.670
COR47	ICE1	3702.AT1G20440.1	3702.AT3G26744.1	0	0	0	0	0	0	0	0.732	0.732
COR47	DREB1A	3702.AT1G20440.1	3702.AT4G25480.1	0	0	0	0	0.117	0	0	0.854	0.865
COR47	ERD10	3702.AT1G20440.1	3702.AT1G20450.1	0	0	0	0.950	0.863	0	0	0.952	0.869
COR47	RD22	3702.AT1G20440.1	3702.AT5G25610.1	0	0	0	0	0	0	0	0.872	0.872
COR47	LTI65	3702.AT1G20440.1	3702.AT5G52300.1	0	0	0	0	0.087	0	0	0.872	0.878
COR47	KIN2	3702.AT1G20440.1	3702.AT5G15970.1	0	0	0	0	0.155	0	0	0.878	0.892
COR47	LTI78	3702.AT1G20440.1	3702.AT5G52310.1	0	0	0	0	0.544	0	0	0.962	0.981
CRLK1	HOS1	3702.AT5G54590.2	3702.AT2G39810.1	0	0	0	0	0	0	0	0.462	0.461
CRLK1	ICE1	3702.AT5G54590.2	3702.AT3G26744.1	0	0	0	0	0	0	0	0.626	0.626
CRLK1	DREB1A	3702.AT5G54590.2	3702.AT4G25480.1	0	0	0	0	0	0	0	0.445	0.445
CRLK1	SIZ1	3702.AT5G54590.2	3702.AT5G60410.2	0	0	0	0	0	0.057	0.187	0.612	0.677
DREB1A	LEA14	3702.AT4G25480.1	3702.AT1G01470.1	0	0	0	0	0.149	0	0	0.460	0.520
DREB1A	GolS3	3702.AT4G25480.1	3702.AT1G09350.1	0	0	0	0	0.199	0	0	0.592	0.659
DREB1A	SCRM2	3702.AT4G25480.1	3702.AT1G12860.1	0	0	0	0	0	0	0	0.633	0.633
DREB1A	ERD10	3702.AT4G25480.1	3702.AT1G20450.1	0	0	0	0	0.193	0	0	0.596	0.660
DREB1A	SHM6	3702.AT4G25480.1	3702.AT1G22020.1	0	0	0	0	0	0	0	0.546	0.546
DREB1A	STZ	3702.AT4G25480.1	3702.AT1G27730.1	0	0	0	0	0	0	0	0.616	0.616
DREB1A	MYC2	3702.AT4G25480.1	3702.AT1G32640.1	0	0	0	0	0.097	0	0	0.374	0.410
DREB1A	SHM7	3702.AT4G25480.1	3702.AT1G36370.1	0	0	0	0	0	0	0	0.546	0.546
DREB1A	RABC1	3702.AT4G25480.1	3702.AT1G43890.1	0	0	0	0	0	0	0	0.410	0.410
DREB1A	bZIP	3702.AT4G25480.1	3702.AT1G68880.1	0	0	0	0	0	0	0	0.637	0.637
DREB1A	WRKY40	3702.AT4G25480.1	3702.AT1G80840.1	0	0	0	0	0.080	0	0	0.428	0.451
DREB1A	SOS1	3702.AT4G25480.1	3702.AT2G01980.1	0	0	0	0	0	0	0	0.461	0.461
DREB1A	ULT2	3702.AT4G25480.1	3702.AT2G20825.1	0	0	0	0	0	0	0	0.406	0.406
DREB1A	RD20	3702.AT4G25480.1	3702.AT2G33380.1	0	0	0	0	0.087	0	0	0.427	0.454
DREB1A	P5CS1	3702.AT4G25480.1	3702.AT2G39800.1	0	0	0	0	0.170	0	0	0.529	0.592
DREB1A	HOS1	3702.AT4G25480.1	3702.AT2G39810.1	0	0	0	0	0	0	0	0.642	0.642
DREB1A	MYB2	3702.AT4G25480.1	3702.AT2G47190.1	0	0	0	0	0	0	0	0.637	0.637
DREB1A	NCED3	3702.AT4G25480.1	3702.AT3G14440.1	0	0	0	0	0.197	0	0	0.568	0.638
DREB1A	MYB15	3702.AT4G25480.1	3702.AT3G23250.1	0	0	0	0	0	0	0	0.639	0.639
DREB1A	ICE1	3702.AT4G25480.1	3702.AT3G26744.1	0	0	0	0	0	0	0	0.877	0.877
DREB1A	KIN11	3702.AT4G25480.1	3702.AT3G29160.1	0	0	0	0	0	0	0	0.462	0.461
DREB1A	SNRK2.2	3702.AT4G25480.1	3702.AT3G50500.2	0	0	0	0	0	0	0	0.445	0.445
DREB1A	LTI30	3702.AT4G25480.1	3702.AT3G50970.1	0	0	0	0	0.111	0	0	0.448	0.488
DREB1A	HKT1	3702.AT4G25480.1	3702.AT4G10310.1	0	0	0	0	0	0	0	0.564	0.564
DREB1A	ULT1	3702.AT4G25480.1	3702.AT4G28190.2	0	0	0	0	0	0	0	0.406	0.406
DREB1A	SHM3	3702.AT4G25480.1	3702.AT4G32520.1	0	0	0	0	0	0	0	0.416	0.416
DREB1A	SHM2	3702.AT4G25480.1	3702.AT5G26780.3	0	0	0	0	0	0	0	0.416	0.416
DREB1A	SOS3	3702.AT4G25480.1	3702.AT5G24270.2	0	0	0	0	0	0	0	0.440	0.440
DREB1A	NHX1	3702.AT4G25480.1	3702.AT5G27150.1	0	0	0	0	0	0	0	0.440	0.440
DREB1A	P1R1	3702.AT4G25480.1	3702.AT5G57780.1	0	0	0	0	0	0	0	0.445	0.445
DREB1A	MYBR1	3702.AT4G25480.1	3702.AT5G67300.1	0	0	0	0	0	0	0	0.462	0.461
DREB1A	SHM1	3702.AT4G25480.1	3702.AT4G37930.1	0	0	0	0	0	0	0	0.469	0.469
DREB1A	UAH	3702.AT4G25480.1	3702.AT5G43600.1	0	0	0	0	0	0	0	0.472	0.472
DREB1A	OST1	3702.AT4G25480.1	3702.AT4G33950.1	0	0	0	0	0	0	0	0.485	0.485
DREB1A	SOS2	3702.AT4G25480.1	3702.AT5G35410.1	0	0	0	0	0	0	0	0.519	0.519
DREB1A	ZAT6	3702.AT4G25480.1	3702.AT5G04340.1	0	0	0	0	0	0	0	0.581	0.581
DREB1A	RD26	3702.AT4G25480.1	3702.AT4G27410.3	0	0	0	0	0.101	0	0	0.565	0.592
DREB1A	RHL41	3702.AT4G25480.1	3702.AT5G59820.1	0	0	0	0	0	0	0	0.598	0.598
DREB1A	RD22	3702.AT4G25480.1	3702.AT5G25610.1	0	0	0	0	0	0	0	0.627	0.627
DREB1A	LTI65	3702.AT4G25480.1	3702.AT5G52300.1	0	0	0	0	0	0	0	0.656	0.656
DREB1A	SIZ1	3702.AT4G25480.1	3702.AT5G60410.2	0	0	0	0	0	0	0	0.673	0.673
DREB1A	KIN2	3702.AT4G25480.1	3702.AT5G15970.1	0	0	0	0	0.197	0	0	0.619	0.680
DREB1A	LTI78	3702.AT4G25480.1	3702.AT5G52310.1	0	0	0	0	0.273	0	0	0.953	0.964
ERD10	LEA14	3702.AT1G20450.1	3702.AT1G01470.1	0	0	0	0	0.506	0	0	0.683	0.836
ERD10	GolS3	3702.AT1G20450.1	3702.AT1G09350.1	0	0	0	0	0.180	0	0	0.441	0.522
ERD10	NHX1	3702.AT1G20450.1	3702.AT5G27150.1	0	0	0	0	0	0	0	0.402	0.402
ERD10	P5CS1	3702.AT1G20450.1	3702.AT2G39800.1	0	0	0	0	0.167	0	0	0.315	0.405
ERD10	RD26	3702.AT1G20450.1	3702.AT4G27410.3	0	0	0	0	0.181	0	0	0.308	0.409
ERD10	RD22	3702.AT1G20450.1	3702.AT5G25610.1	0	0	0	0	0.111	0	0	0.592	0.621
ERD10	RD20	3702.AT1G20450.1	3702.AT2G33380.1	0	0	0	0	0.204	0	0	0.565	0.638
ERD10	LTI65	3702.AT1G20450.1	3702.AT5G52300.1	0	0	0	0	0.100	0	0	0.633	0.655
ERD10	KIN2	3702.AT1G20450.1	3702.AT5G15970.1	0	0	0	0	0.219	0	0	0.754	0.799
ERD10	LTI30	3702.AT1G20450.1	3702.AT3G50970.1	0	0	0	0	0.337	0	0	0.930	0.951
ERD10	LTI78	3702.AT1G20450.1	3702.AT5G52310.1	0	0	0	0	0.781	0	0	0.848	0.965
GolS3	LEA14	3702.AT1G09350.1	3702.AT1G01470.1	0	0	0	0	0.104	0	0	0.450	0.486
GolS3	P5CS1	3702.AT1G09350.1	3702.AT2G39800.1	0	0	0	0	0	0	0	0.581	0.581
GolS3	LTI30	3702.AT1G09350.1	3702.AT3G50970.1	0	0	0	0	0.139	0	0	0.562	0.606
GolS3	KIN2	3702.AT1G09350.1	3702.AT5G15970.1	0	0	0	0	0.149	0	0	0.565	0.613
GolS3	HKT1	3702.AT1G09350.1	3702.AT4G10310.1	0	0	0	0	0	0	0	0.686	0.686
GolS3	RD20	3702.AT1G09350.1	3702.AT2G33380.1	0	0	0	0	0	0	0	0.707	0.707
GolS3	LTI78	3702.AT1G09350.1	3702.AT5G52310.1	0	0	0	0	0.272	0	0	0.637	0.724
HKT1	bZIP	3702.AT4G10310.1	3702.AT1G68880.1	0	0	0	0	0	0	0	0.441	0.441
HKT1	SOS1	3702.AT4G10310.1	3702.AT2G01980.1	0.190	0	0	0	0	0.104	0	0.979	0.983
HKT1	RD20	3702.AT4G10310.1	3702.AT2G33380.1	0	0	0	0	0	0	0	0.699	0.699
HKT1	P5CS1	3702.AT4G10310.1	3702.AT2G39800.1	0.190	0	0	0	0	0	0	0.856	0.878
HKT1	LTI65	3702.AT4G10310.1	3702.AT5G52300.1	0	0	0	0	0	0	0	0.461	0.461
HKT1	LTI78	3702.AT4G10310.1	3702.AT5G52310.1	0	0	0	0	0	0	0	0.463	0.463
HKT1	SOS2	3702.AT4G10310.1	3702.AT5G35410.1	0	0	0	0	0.042	0.052	0	0.880	0.882
HKT1	SOS3	3702.AT4G10310.1	3702.AT5G24270.2	0	0	0	0	0	0	0	0.931	0.931
HKT1	NHX1	3702.AT4G10310.1	3702.AT5G27150.1	0.190	0	0	0	0	0.104	0	0.974	0.980
HOS1	SCRM2	3702.AT2G39810.1	3702.AT1G12860.1	0	0	0	0	0	0.602	0	0.630	0.846
HOS1	STZ	3702.AT2G39810.1	3702.AT1G27730.1	0	0	0	0	0	0	0	0.548	0.548
HOS1	RHL41	3702.AT2G39810.1	3702.AT5G59820.1	0	0	0	0	0	0	0	0.499	0.499
HOS1	SNRK2.2	3702.AT2G39810.1	3702.AT3G50500.2	0	0	0	0	0	0	0	0.612	0.612
HOS1	LTI78	3702.AT2G39810.1	3702.AT5G52310.1	0	0	0	0	0	0	0	0.615	0.615
HOS1	OST1	3702.AT2G39810.1	3702.AT4G33950.1	0	0	0	0	0	0.501	0	0.633	0.809
HOS1	MYB15	3702.AT2G39810.1	3702.AT3G23250.1	0	0	0	0	0	0	0	0.875	0.875
HOS1	SIZ1	3702.AT2G39810.1	3702.AT5G60410.2	0	0	0	0	0	0	0	0.933	0.934
HOS1	ICE1	3702.AT2G39810.1	3702.AT3G26744.1	0	0	0	0	0	0.818	0	0.981	0.996
ICE1	SCRM2	3702.AT3G26744.1	3702.AT1G12860.1	0	0	0	0.957	0.165	0.443	0	0.985	0.535
ICE1	STZ	3702.AT3G26744.1	3702.AT1G27730.1	0	0	0	0	0	0	0	0.615	0.615
ICE1	bZIP	3702.AT3G26744.1	3702.AT1G68880.1	0	0	0	0	0	0	0	0.615	0.615
ICE1	MYB15	3702.AT3G26744.1	3702.AT3G23250.1	0	0	0	0	0	0.501	0	0.982	0.990
ICE1	ZAT6	3702.AT3G26744.1	3702.AT5G04340.1	0	0	0	0	0	0	0	0.428	0.428
ICE1	KIN11	3702.AT3G26744.1	3702.AT3G29160.1	0	0	0	0	0	0	0	0.429	0.429
ICE1	RD22	3702.AT3G26744.1	3702.AT5G25610.1	0	0	0	0	0	0	0	0.442	0.442
ICE1	LTI65	3702.AT3G26744.1	3702.AT5G52300.1	0	0	0	0	0	0	0	0.447	0.447
ICE1	KIN2	3702.AT3G26744.1	3702.AT5G15970.1	0	0	0	0	0	0	0	0.549	0.549
ICE1	RHL41	3702.AT3G26744.1	3702.AT5G59820.1	0	0	0	0	0	0	0	0.637	0.637
ICE1	LTI78	3702.AT3G26744.1	3702.AT5G52310.1	0	0	0	0	0	0	0	0.694	0.694
ICE1	OST1	3702.AT3G26744.1	3702.AT4G33950.1	0	0	0	0	0	0.501	0	0.635	0.810
ICE1	SIZ1	3702.AT3G26744.1	3702.AT5G60410.2	0	0	0	0	0	0.543	0	0.909	0.956
KIN11	bZIP	3702.AT3G29160.1	3702.AT1G68880.1	0	0	0	0	0	0	0	0.808	0.808
KIN11	SOS1	3702.AT3G29160.1	3702.AT2G01980.1	0	0	0	0	0.045	0	0	0.590	0.592
KIN11	ZAT6	3702.AT3G29160.1	3702.AT5G04340.1	0	0	0	0	0.044	0.096	0.072	0.384	0.439
KIN11	LTI65	3702.AT3G29160.1	3702.AT5G52300.1	0	0	0	0	0.041	0	0	0.548	0.548
KIN11	LTI78	3702.AT3G29160.1	3702.AT5G52310.1	0	0	0	0	0.041	0	0	0.565	0.565
KIN11	SOS3	3702.AT3G29160.1	3702.AT5G24270.2	0	0	0	0	0	0.099	0.048	0.633	0.658
KIN2	RABC1	3702.AT5G15970.1	3702.AT1G43890.1	0	0	0	0	0	0	0	0.428	0.428
KIN2	LTI65	3702.AT5G15970.1	3702.AT5G52300.1	0	0	0	0	0.106	0	0	0.634	0.658
KIN2	LTI78	3702.AT5G15970.1	3702.AT5G52310.1	0	0	0	0	0.340	0	0	0.879	0.916
LEA14	P5CS1	3702.AT1G01470.1	3702.AT2G39800.1	0	0	0	0	0.148	0	0	0.376	0.445
LEA14	RD20	3702.AT1G01470.1	3702.AT2G33380.1	0	0	0	0	0.180	0	0	0.356	0.449
LEA14	RD26	3702.AT1G01470.1	3702.AT4G27410.3	0	0	0	0	0.211	0	0	0.375	0.485
LEA14	RD22	3702.AT1G01470.1	3702.AT5G25610.1	0	0	0	0	0	0	0	0.540	0.540
LEA14	LTI65	3702.AT1G01470.1	3702.AT5G52300.1	0	0	0	0	0.188	0	0	0.547	0.616
LEA14	LTI78	3702.AT1G01470.1	3702.AT5G52310.1	0	0	0	0	0.553	0	0	0.592	0.809
LEA14	LTI30	3702.AT1G01470.1	3702.AT3G50970.1	0	0	0	0	0.640	0	0	0.565	0.836
LTI30	LTI65	3702.AT3G50970.1	3702.AT5G52300.1	0	0	0	0	0.228	0	0	0.413	0.527
LTI30	LTI78	3702.AT3G50970.1	3702.AT5G52310.1	0	0	0	0	0.724	0	0	0.615	0.889
LTI65	STZ	3702.AT5G52300.1	3702.AT1G27730.1	0	0	0	0	0	0	0	0.460	0.459
LTI65	RABC1	3702.AT5G52300.1	3702.AT1G43890.1	0	0	0	0	0	0	0	0.733	0.733
LTI65	bZIP	3702.AT5G52300.1	3702.AT1G68880.1	0	0	0	0	0	0	0	0.639	0.639
LTI65	SOS1	3702.AT5G52300.1	3702.AT2G01980.1	0	0	0	0	0	0	0	0.588	0.588
LTI65	RD20	3702.AT5G52300.1	3702.AT2G33380.1	0	0	0	0	0.174	0	0	0.902	0.915
LTI65	P5CS1	3702.AT5G52300.1	3702.AT2G39800.1	0	0	0	0	0.170	0	0	0.824	0.847
LTI65	MYB2	3702.AT5G52300.1	3702.AT2G47190.1	0	0	0	0	0	0	0	0.620	0.620
LTI65	NCED3	3702.AT5G52300.1	3702.AT3G14440.1	0	0	0	0	0.077	0	0	0.849	0.854
LTI65	MYB15	3702.AT5G52300.1	3702.AT3G23250.1	0	0	0	0	0	0	0	0.520	0.520
LTI65	SNRK2.2	3702.AT5G52300.1	3702.AT3G50500.2	0	0	0	0	0.041	0	0	0.637	0.637
LTI65	RD26	3702.AT5G52300.1	3702.AT4G27410.3	0	0	0	0	0.167	0	0	0.759	0.790
LTI65	OST1	3702.AT5G52300.1	3702.AT4G33950.1	0	0	0	0	0.041	0	0	0.639	0.639
LTI65	SOS3	3702.AT5G52300.1	3702.AT5G24270.2	0	0	0	0	0	0	0	0.565	0.565
LTI65	RD22	3702.AT5G52300.1	3702.AT5G25610.1	0	0	0	0	0.073	0	0	0.955	0.956
LTI65	SOS2	3702.AT5G52300.1	3702.AT5G35410.1	0	0	0	0	0.041	0	0	0.546	0.546
LTI65	RHL41	3702.AT5G52300.1	3702.AT5G59820.1	0	0	0	0	0	0	0	0.416	0.416
LTI78	STZ	3702.AT5G52310.1	3702.AT1G27730.1	0	0	0	0	0	0	0	0.592	0.592
LTI78	MYC2	3702.AT5G52310.1	3702.AT1G32640.1	0	0	0	0	0	0	0	0.441	0.441
LTI78	RABC1	3702.AT5G52310.1	3702.AT1G43890.1	0	0	0	0	0	0	0	0.773	0.773
LTI78	bZIP	3702.AT5G52310.1	3702.AT1G68880.1	0	0	0	0	0	0	0	0.639	0.639
LTI78	SOS1	3702.AT5G52310.1	3702.AT2G01980.1	0	0	0	0	0	0	0	0.620	0.620
LTI78	RD20	3702.AT5G52310.1	3702.AT2G33380.1	0	0	0	0	0.194	0	0	0.871	0.891
LTI78	P5CS1	3702.AT5G52310.1	3702.AT2G39800.1	0	0	0	0	0.196	0	0	0.804	0.835
LTI78	MYB2	3702.AT5G52310.1	3702.AT2G47190.1	0	0	0	0	0	0	0	0.639	0.639
LTI78	NCED3	3702.AT5G52310.1	3702.AT3G14440.1	0	0	0	0	0.166	0	0	0.849	0.868
LTI78	MYB15	3702.AT5G52310.1	3702.AT3G23250.1	0	0	0	0	0	0	0	0.616	0.616
LTI78	SNRK2.2	3702.AT5G52310.1	3702.AT3G50500.2	0	0	0	0	0.041	0	0	0.636	0.636
LTI78	RD26	3702.AT5G52310.1	3702.AT4G27410.3	0	0	0	0	0.148	0	0	0.728	0.758
LTI78	OST1	3702.AT5G52310.1	3702.AT4G33950.1	0	0	0	0	0.041	0	0	0.628	0.628
LTI78	ZAT6	3702.AT5G52310.1	3702.AT5G04340.1	0	0	0	0	0	0	0	0.548	0.548
LTI78	SOS3	3702.AT5G52310.1	3702.AT5G24270.2	0	0	0	0	0	0	0	0.615	0.615
LTI78	RD22	3702.AT5G52310.1	3702.AT5G25610.1	0	0	0	0	0.109	0	0	0.958	0.960
LTI78	NHX1	3702.AT5G52310.1	3702.AT5G27150.1	0	0	0	0	0	0	0	0.581	0.581
LTI78	SOS2	3702.AT5G52310.1	3702.AT5G35410.1	0	0	0	0	0.041	0	0	0.616	0.616
LTI78	MYBR1	3702.AT5G52310.1	3702.AT5G67300.1	0	0	0	0	0	0	0	0.441	0.441
LTI78	SIZ1	3702.AT5G52310.1	3702.AT5G60410.2	0	0	0	0	0	0	0	0.549	0.549
LTI78	RHL41	3702.AT5G52310.1	3702.AT5G59820.1	0	0	0	0	0	0	0	0.582	0.582
MYB15	SCRM2	3702.AT3G23250.1	3702.AT1G12860.1	0	0	0	0	0	0	0	0.466	0.466
MYB15	STZ	3702.AT3G23250.1	3702.AT1G27730.1	0	0	0	0	0.468	0.048	0.132	0.637	0.819
MYB15	MYC2	3702.AT3G23250.1	3702.AT1G32640.1	0	0	0	0	0.170	0	0	0.441	0.516
MYB15	bZIP	3702.AT3G23250.1	3702.AT1G68880.1	0	0	0	0	0	0	0	0.565	0.565
MYB15	WRKY40	3702.AT3G23250.1	3702.AT1G80840.1	0	0	0	0	0.580	0	0	0.519	0.789
MYB15	OST1	3702.AT3G23250.1	3702.AT4G33950.1	0	0	0	0	0	0	0.219	0.388	0.501
MYB15	RD22	3702.AT3G23250.1	3702.AT5G25610.1	0	0	0	0	0	0	0	0.550	0.550
MYB15	ZAT6	3702.AT3G23250.1	3702.AT5G04340.1	0	0	0	0	0.291	0.048	0.132	0.549	0.700
MYB15	RHL41	3702.AT3G23250.1	3702.AT5G59820.1	0	0	0	0	0.452	0.048	0.132	0.617	0.803
MYB15	SIZ1	3702.AT3G23250.1	3702.AT5G60410.2	0	0	0	0	0.054	0.059	0.258	0.842	0.882
MYB2	STZ	3702.AT2G47190.1	3702.AT1G27730.1	0	0	0	0	0.087	0.048	0.132	0.350	0.443
MYB2	MYC2	3702.AT2G47190.1	3702.AT1G32640.1	0	0	0	0	0.042	0.443	0	0.721	0.838
MYB2	bZIP	3702.AT2G47190.1	3702.AT1G68880.1	0	0	0	0	0	0	0	0.629	0.629
MYB2	WRKY40	3702.AT2G47190.1	3702.AT1G80840.1	0	0	0	0	0.100	0	0	0.549	0.576
MYB2	RD20	3702.AT2G47190.1	3702.AT2G33380.1	0	0	0	0	0.080	0	0	0.498	0.518
MYB2	P5CS1	3702.AT2G47190.1	3702.AT2G39800.1	0	0	0	0	0	0	0	0.737	0.737
MYB2	OST1	3702.AT2G47190.1	3702.AT4G33950.1	0	0	0	0	0	0	0.219	0.268	0.404
MYB2	SOS2	3702.AT2G47190.1	3702.AT5G35410.1	0	0	0	0	0	0	0.219	0.287	0.419
MYB2	SIZ1	3702.AT2G47190.1	3702.AT5G60410.2	0	0	0	0	0.054	0.059	0.258	0.235	0.427
MYB2	NCED3	3702.AT2G47190.1	3702.AT3G14440.1	0	0	0	0	0.073	0	0	0.463	0.480
MYB2	RHL41	3702.AT2G47190.1	3702.AT5G59820.1	0	0	0	0	0.109	0.048	0.132	0.432	0.526
MYB2	ZAT6	3702.AT2G47190.1	3702.AT5G04340.1	0	0	0	0	0.140	0.048	0.132	0.463	0.567
MYB2	RD26	3702.AT2G47190.1	3702.AT4G27410.3	0	0	0	0	0.115	0	0	0.616	0.645
MYB2	RD22	3702.AT2G47190.1	3702.AT5G25610.1	0	0	0	0	0	0	0	0.828	0.828
MYBR1	STZ	3702.AT5G67300.1	3702.AT1G27730.1	0	0	0	0	0.336	0.048	0.132	0.590	0.744
MYBR1	MYC2	3702.AT5G67300.1	3702.AT1G32640.1	0	0	0	0	0.274	0	0	0.483	0.609
MYBR1	bZIP	3702.AT5G67300.1	3702.AT1G68880.1	0	0	0	0	0	0	0	0.581	0.581
MYBR1	WRKY40	3702.AT5G67300.1	3702.AT1G80840.1	0	0	0	0	0.256	0	0	0.482	0.598
MYBR1	ZAT6	3702.AT5G67300.1	3702.AT5G04340.1	0	0	0	0	0.209	0.048	0.132	0.446	0.589
MYBR1	RD22	3702.AT5G67300.1	3702.AT5G25610.1	0	0	0	0	0	0	0	0.542	0.542
MYBR1	RHL41	3702.AT5G67300.1	3702.AT5G59820.1	0	0	0	0	0.207	0.048	0.132	0.441	0.584
MYC2	STZ	3702.AT1G32640.1	3702.AT1G27730.1	0	0	0	0	0.270	0	0	0.461	0.589
MYC2	NCED3	3702.AT1G32640.1	3702.AT3G14440.1	0	0	0	0	0.118	0	0	0.548	0.584
MYC2	ZAT6	3702.AT1G32640.1	3702.AT5G04340.1	0	0	0	0	0.179	0	0	0.520	0.589
MYC2	RD22	3702.AT1G32640.1	3702.AT5G25610.1	0	0	0	0	0	0	0	0.637	0.637
MYC2	bZIP	3702.AT1G32640.1	3702.AT1G68880.1	0	0	0	0	0	0	0	0.638	0.638
MYC2	RD26	3702.AT1G32640.1	3702.AT4G27410.3	0	0	0	0	0.190	0	0	0.636	0.692
MYC2	WRKY40	3702.AT1G32640.1	3702.AT1G80840.1	0	0	0	0	0.287	0	0	0.590	0.695
NCED3	bZIP	3702.AT3G14440.1	3702.AT1G68880.1	0	0	0	0	0	0	0	0.617	0.617
NCED3	SOS1	3702.AT3G14440.1	3702.AT2G01980.1	0	0	0	0	0	0	0	0.425	0.424
NCED3	RD20	3702.AT3G14440.1	3702.AT2G33380.1	0	0	0	0	0.158	0	0	0.542	0.597
NCED3	P5CS1	3702.AT3G14440.1	3702.AT2G39800.1	0	0	0	0	0.169	0	0	0.593	0.647
NCED3	ZAT6	3702.AT3G14440.1	3702.AT5G04340.1	0	0	0	0	0.123	0	0	0.373	0.426
NCED3	SOS3	3702.AT3G14440.1	3702.AT5G24270.2	0	0	0	0	0	0	0	0.426	0.426
NCED3	SNRK2.2	3702.AT3G14440.1	3702.AT3G50500.2	0	0	0	0	0	0	0	0.544	0.544
NCED3	OST1	3702.AT3G14440.1	3702.AT4G33950.1	0	0	0	0	0	0	0	0.637	0.637
NCED3	RD26	3702.AT3G14440.1	3702.AT4G27410.3	0	0	0	0	0.275	0	0	0.637	0.725
NCED3	RD22	3702.AT3G14440.1	3702.AT5G25610.1	0	0	0	0	0	0	0	0.751	0.751
NHX1	SOS1	3702.AT5G27150.1	3702.AT2G01980.1	0	0	0	0.567	0	0	0	0.968	0.442
NHX1	P5CS1	3702.AT5G27150.1	3702.AT2G39800.1	0.190	0	0	0	0	0	0	0.741	0.781
NHX1	SOS3	3702.AT5G27150.1	3702.AT5G24270.2	0	0	0	0	0.049	0.078	0.167	0.982	0.985
NHX1	RD22	3702.AT5G27150.1	3702.AT5G25610.1	0	0	0	0	0	0	0	0.565	0.565
NHX1	SOS2	3702.AT5G27150.1	3702.AT5G35410.1	0	0	0	0	0.045	0	0	0.981	0.982
OST1	bZIP	3702.AT4G33950.1	3702.AT1G68880.1	0	0	0	0	0	0	0	0.652	0.652
OST1	SNRK2.2	3702.AT4G33950.1	3702.AT3G50500.2	0	0	0.448	0.978	0	0.602	0	0.976	0.614
OST1	RD22	3702.AT4G33950.1	3702.AT5G25610.1	0	0	0	0	0	0	0	0.460	0.459
OST1	SIZ1	3702.AT4G33950.1	3702.AT5G60410.2	0	0	0	0	0	0	0.141	0.611	0.651
P5CS1	SHM6	3702.AT2G39800.1	3702.AT1G22020.1	0.190	0	0	0	0.085	0	0	0.613	0.688
P5CS1	SHM7	3702.AT2G39800.1	3702.AT1G36370.1	0.190	0	0	0	0.085	0	0	0.613	0.688
P5CS1	bZIP	3702.AT2G39800.1	3702.AT1G68880.1	0	0	0	0	0	0	0	0.461	0.461
P5CS1	SOS1	3702.AT2G39800.1	3702.AT2G01980.1	0.190	0	0	0	0	0	0	0.663	0.715
P5CS1	RD20	3702.AT2G39800.1	3702.AT2G33380.1	0	0	0	0	0.227	0	0	0.461	0.565
P5CS1	RD26	3702.AT2G39800.1	3702.AT4G27410.3	0	0	0	0	0.118	0	0	0.351	0.403
P5CS1	SOS2	3702.AT2G39800.1	3702.AT5G35410.1	0	0	0	0	0	0	0	0.618	0.618
P5CS1	UAH	3702.AT2G39800.1	3702.AT5G43600.1	0.190	0	0	0	0	0	0.302	0.411	0.637
P5CS1	SOS3	3702.AT2G39800.1	3702.AT5G24270.2	0	0	0	0	0.047	0	0	0.638	0.640
P5CS1	SHM3	3702.AT2G39800.1	3702.AT4G32520.1	0.190	0	0	0	0.085	0	0	0.613	0.688
P5CS1	SHM2	3702.AT2G39800.1	3702.AT5G26780.3	0.190	0	0	0	0.085	0	0	0.613	0.688
P5CS1	SHM1	3702.AT2G39800.1	3702.AT4G37930.1	0.190	0	0	0	0.085	0	0	0.642	0.711
P5CS1	RD22	3702.AT2G39800.1	3702.AT5G25610.1	0	0	0	0	0.169	0	0	0.803	0.829
RABC1	RD22	3702.AT1G43890.1	3702.AT5G25610.1	0	0	0	0	0	0	0	0.426	0.426
RD20	RD22	3702.AT2G33380.1	3702.AT5G25610.1	0	0	0	0	0.154	0	0	0.659	0.699
RD20	RD26	3702.AT2G33380.1	3702.AT4G27410.3	0	0	0	0	0.215	0	0	0.636	0.702
RD22	STZ	3702.AT5G25610.1	3702.AT1G27730.1	0	0	0	0	0	0	0	0.441	0.441
RD22	bZIP	3702.AT5G25610.1	3702.AT1G68880.1	0	0	0	0	0	0	0	0.596	0.596
RD22	SOS1	3702.AT5G25610.1	3702.AT2G01980.1	0	0	0	0	0	0	0	0.593	0.593
RD22	RD26	3702.AT5G25610.1	3702.AT4G27410.3	0	0	0	0	0	0	0	0.637	0.637
RD22	ZAT6	3702.AT5G25610.1	3702.AT5G04340.1	0	0	0	0	0	0	0	0.412	0.412
RD22	SOS2	3702.AT5G25610.1	3702.AT5G35410.1	0	0	0	0	0	0	0	0.441	0.441
RD26	STZ	3702.AT4G27410.3	3702.AT1G27730.1	0	0	0	0	0.169	0	0	0.549	0.609
RD26	bZIP	3702.AT4G27410.3	3702.AT1G68880.1	0	0	0	0	0	0	0	0.618	0.618
RD26	WRKY40	3702.AT4G27410.3	3702.AT1G80840.1	0	0	0	0	0.154	0	0	0.502	0.560
RD26	RHL41	3702.AT4G27410.3	3702.AT5G59820.1	0	0	0	0	0.148	0	0	0.349	0.421
RD26	ZAT6	3702.AT4G27410.3	3702.AT5G04340.1	0	0	0	0	0.220	0	0	0.441	0.545
RD26	SOS2	3702.AT4G27410.3	3702.AT5G35410.1	0	0	0	0	0	0	0	0.718	0.718
RHL41	STZ	3702.AT5G59820.1	3702.AT1G27730.1	0	0	0	0.744	0.863	0	0	0.960	0.896
RHL41	bZIP	3702.AT5G59820.1	3702.AT1G68880.1	0	0	0	0	0	0	0	0.548	0.548
RHL41	WRKY40	3702.AT5G59820.1	3702.AT1G80840.1	0	0	0	0	0.826	0	0	0.604	0.928
RHL41	ZAT6	3702.AT5G59820.1	3702.AT5G04340.1	0	0	0	0.727	0.826	0	0	0.851	0.866
RHL41	SIZ1	3702.AT5G59820.1	3702.AT5G60410.2	0	0	0	0	0	0.121	0.339	0.455	0.655
SCRM2	SIZ1	3702.AT1G12860.1	3702.AT5G60410.2	0	0	0	0	0	0	0	0.601	0.601
SHM1	SHM6	3702.AT4G37930.1	3702.AT1G22020.1	0	0	0.448	0.933	0	0	0.600	0.661	0.628
SHM1	SHM7	3702.AT4G37930.1	3702.AT1G36370.1	0	0	0.448	0.935	0	0	0.600	0.664	0.627
SHM1	SHM3	3702.AT4G37930.1	3702.AT4G32520.1	0	0	0.448	0.956	0	0	0.600	0.795	0.621
SHM1	SHM2	3702.AT4G37930.1	3702.AT5G26780.3	0	0	0.449	0.982	0	0	0.600	0.906	0.609
SHM2	SHM6	3702.AT5G26780.3	3702.AT1G22020.1	0	0	0.448	0.923	0	0	0.600	0.849	0.638
SHM2	SHM7	3702.AT5G26780.3	3702.AT1G36370.1	0	0	0.448	0.925	0	0	0.600	0.788	0.635
SHM2	SHM3	3702.AT5G26780.3	3702.AT4G32520.1	0	0	0.448	0.952	0.080	0	0.600	0.959	0.641
SHM3	SHM6	3702.AT4G32520.1	3702.AT1G22020.1	0	0	0.448	0.932	0	0	0.600	0.851	0.633
SHM3	SHM7	3702.AT4G32520.1	3702.AT1G36370.1	0	0	0.448	0.932	0	0	0.600	0.809	0.632
SHM6	SHM7	3702.AT1G22020.1	3702.AT1G36370.1	0	0	0.449	0.974	0	0	0.600	0.926	0.613
SIZ1	STZ	3702.AT5G60410.2	3702.AT1G27730.1	0	0	0	0	0	0.121	0.339	0.460	0.658
SIZ1	SNRK2.2	3702.AT5G60410.2	3702.AT3G50500.2	0	0	0	0	0	0	0.141	0.620	0.659
SIZ1	ZAT6	3702.AT5G60410.2	3702.AT5G04340.1	0	0	0	0	0	0.121	0.339	0.373	0.603
SNRK2.2	bZIP	3702.AT3G50500.2	3702.AT1G68880.1	0	0	0	0	0	0	0	0.638	0.638
SOS1	bZIP	3702.AT2G01980.1	3702.AT1G68880.1	0	0	0	0	0	0	0	0.520	0.520
SOS1	SOS3	3702.AT2G01980.1	3702.AT5G24270.2	0	0	0	0	0.049	0.078	0.167	0.979	0.983
SOS1	SOS2	3702.AT2G01980.1	3702.AT5G35410.1	0	0	0	0	0.045	0.543	0	0.987	0.994
SOS2	STZ	3702.AT5G35410.1	3702.AT1G27730.1	0	0	0	0	0.044	0.096	0.072	0.373	0.429
SOS2	SOS3	3702.AT5G35410.1	3702.AT5G24270.2	0	0	0	0	0	0.999	0.048	0.996	0.999
STZ	bZIP	3702.AT1G27730.1	3702.AT1G68880.1	0	0	0	0	0	0	0	0.516	0.516
STZ	ZAT6	3702.AT1G27730.1	3702.AT5G04340.1	0	0	0	0.967	0.863	0	0	0.876	0.866
STZ	WRKY40	3702.AT1G27730.1	3702.AT1G80840.1	0	0	0	0	0.872	0	0	0.604	0.947
ULT1	ULT2	3702.AT4G28190.2	3702.AT2G20825.1	0	0	0	0.974	0	0.798	0	0.930	0.802
WRKY40	bZIP	3702.AT1G80840.1	3702.AT1G68880.1	0	0	0	0	0	0	0	0.591	0.591
WRKY40	ZAT6	3702.AT1G80840.1	3702.AT5G04340.1	0	0	0	0	0.608	0	0	0.639	0.852
ZAT6	bZIP	3702.AT5G04340.1	3702.AT1G68880.1	0	0	0	0	0	0	0	0.960	0.960
